lot,bottle_start_datetime,bottle_end_datetime,bottle_start_time,bottle_end_time,overall_lot,start_classification,coarse_timing
1000,2019-11-20T11:00:00Z,2019-11-20T12:00:00Z,11:00:00,12:00:00,1000,06:00:00,Day
1000.1,2019-11-20T12:00:00Z,2019-11-20T18:00:00Z,12:00:00,18:00:00,1000,12:00:00,Day
1000.2,2019-11-20T18:00:00Z,2019-11-21T00:00:00Z,18:00:00,00:00:00,1000,18:00:00,Night
1000.3,2019-11-21T00:00:00Z,2019-11-21T06:00:00Z,00:00:00,06:00:00,1000,00:00:00,Night
1000.4,2019-11-21T06:00:00Z,2019-11-21T11:00:00Z,06:00:00,11:00:00,1000,06:00:00,Day
1011,2019-11-20T11:59:00Z,2019-11-20T12:00:00Z,11:59:00,12:00:00,1011,06:00:00,Day
1011.1,2019-11-20T12:00:00Z,2019-11-20T18:00:00Z,12:00:00,18:00:00,1011,12:00:00,Day
1011.2,2019-11-20T18:00:00Z,2019-11-21T00:00:00Z,18:00:00,00:00:00,1011,18:00:00,Night
1011.3,2019-11-21T00:00:00Z,2019-11-21T06:00:00Z,00:00:00,06:00:00,1011,00:00:00,Night
1011.4,2019-11-21T06:00:00Z,2019-11-21T11:59:00Z,06:00:00,11:59:00,1011,06:00:00,Day
1022,2019-11-20T12:17:00Z,2019-11-20T18:00:00Z,12:17:00,18:00:00,1022,12:00:00,Day
1022.1,2019-11-20T18:00:00Z,2019-11-21T00:00:00Z,18:00:00,00:00:00,1022,18:00:00,Night
1022.2,2019-11-21T00:00:00Z,2019-11-21T06:00:00Z,00:00:00,06:00:00,1022,00:00:00,Night
1022.3,2019-11-21T06:00:00Z,2019-11-21T12:00:00Z,06:00:00,12:00:00,1022,06:00:00,Day
1022.4,2019-11-21T12:00:00Z,2019-11-21T12:17:00Z,12:00:00,12:17:00,1022,12:00:00,Day
1033,2019-12-09T12:19:00Z,2019-12-09T18:00:00Z,12:19:00,18:00:00,1033,12:00:00,Day
1033.1,2019-12-09T18:00:00Z,2019-12-10T00:00:00Z,18:00:00,00:00:00,1033,18:00:00,Night
1033.2,2019-12-10T00:00:00Z,2019-12-10T06:00:00Z,00:00:00,06:00:00,1033,00:00:00,Night
1033.3,2019-12-10T06:00:00Z,2019-12-10T12:00:00Z,06:00:00,12:00:00,1033,06:00:00,Day
1033.4,2019-12-10T12:00:00Z,2019-12-10T12:19:00Z,12:00:00,12:19:00,1033,12:00:00,Day
1044,2019-12-09T12:49:00Z,2019-12-09T18:00:00Z,12:49:00,18:00:00,1044,12:00:00,Day
1044.1,2019-12-09T18:00:00Z,2019-12-10T00:00:00Z,18:00:00,00:00:00,1044,18:00:00,Night
1044.2,2019-12-10T00:00:00Z,2019-12-10T06:00:00Z,00:00:00,06:00:00,1044,00:00:00,Night
1044.3,2019-12-10T06:00:00Z,2019-12-10T12:00:00Z,06:00:00,12:00:00,1044,06:00:00,Day
1044.4,2019-12-10T12:00:00Z,2019-12-10T12:49:00Z,12:00:00,12:49:00,1044,12:00:00,Day
1055,2019-12-09T13:45:00Z,2019-12-09T18:00:00Z,13:45:00,18:00:00,1055,12:00:00,Day
1055.1,2019-12-09T18:00:00Z,2019-12-10T00:00:00Z,18:00:00,00:00:00,1055,18:00:00,Night
1055.2,2019-12-10T00:00:00Z,2019-12-10T06:00:00Z,00:00:00,06:00:00,1055,00:00:00,Night
1055.3,2019-12-10T06:00:00Z,2019-12-10T12:00:00Z,06:00:00,12:00:00,1055,06:00:00,Day
1055.4,2019-12-10T12:00:00Z,2019-12-10T13:45:00Z,12:00:00,13:45:00,1055,12:00:00,Day
1066,2019-12-09T14:23:00Z,2019-12-09T18:00:00Z,14:23:00,18:00:00,1066,12:00:00,Day
1066.1,2019-12-09T18:00:00Z,2019-12-10T00:00:00Z,18:00:00,00:00:00,1066,18:00:00,Night
1066.2,2019-12-10T00:00:00Z,2019-12-10T06:00:00Z,00:00:00,06:00:00,1066,00:00:00,Night
1066.3,2019-12-10T06:00:00Z,2019-12-10T12:00:00Z,06:00:00,12:00:00,1066,06:00:00,Day
1066.4,2019-12-10T12:00:00Z,2019-12-10T14:23:00Z,12:00:00,14:23:00,1066,12:00:00,Day
1077,2019-12-11T10:32:00Z,2019-12-11T12:00:00Z,10:32:00,12:00:00,1077,06:00:00,Day
1077.1,2019-12-11T12:00:00Z,2019-12-11T18:00:00Z,12:00:00,18:00:00,1077,12:00:00,Day
1077.2,2019-12-11T18:00:00Z,2019-12-12T00:00:00Z,18:00:00,00:00:00,1077,18:00:00,Night
1077.3,2019-12-12T00:00:00Z,2019-12-12T06:00:00Z,00:00:00,06:00:00,1077,00:00:00,Night
1077.4,2019-12-12T06:00:00Z,2019-12-12T10:32:00Z,06:00:00,10:32:00,1077,06:00:00,Day
1088,2019-12-11T11:05:00Z,2019-12-11T12:00:00Z,11:05:00,12:00:00,1088,06:00:00,Day
1088.1,2019-12-11T12:00:00Z,2019-12-11T18:00:00Z,12:00:00,18:00:00,1088,12:00:00,Day
1088.2,2019-12-11T18:00:00Z,2019-12-12T00:00:00Z,18:00:00,00:00:00,1088,18:00:00,Night
1088.3,2019-12-12T00:00:00Z,2019-12-12T06:00:00Z,00:00:00,06:00:00,1088,00:00:00,Night
1088.4,2019-12-12T06:00:00Z,2019-12-12T11:05:00Z,06:00:00,11:05:00,1088,06:00:00,Day
1099,2019-12-11T11:45:00Z,2019-12-11T12:00:00Z,11:45:00,12:00:00,1099,06:00:00,Day
1099.1,2019-12-11T12:00:00Z,2019-12-11T18:00:00Z,12:00:00,18:00:00,1099,12:00:00,Day
1099.2,2019-12-11T18:00:00Z,2019-12-12T00:00:00Z,18:00:00,00:00:00,1099,18:00:00,Night
1099.3,2019-12-12T00:00:00Z,2019-12-12T06:00:00Z,00:00:00,06:00:00,1099,00:00:00,Night
1099.4,2019-12-12T06:00:00Z,2019-12-12T11:45:00Z,06:00:00,11:45:00,1099,06:00:00,Day
1110,2019-12-11T12:25:00Z,2019-12-11T18:00:00Z,12:25:00,18:00:00,1110,12:00:00,Day
1110.1,2019-12-11T18:00:00Z,2019-12-12T00:00:00Z,18:00:00,00:00:00,1110,18:00:00,Night
1110.2,2019-12-12T00:00:00Z,2019-12-12T06:00:00Z,00:00:00,06:00:00,1110,00:00:00,Night
1110.3,2019-12-12T06:00:00Z,2019-12-12T12:00:00Z,06:00:00,12:00:00,1110,06:00:00,Day
1110.4,2019-12-12T12:00:00Z,2019-12-12T12:25:00Z,12:00:00,12:25:00,1110,12:00:00,Day
1121,2020-01-15T08:39:00Z,2020-01-15T12:00:00Z,08:39:00,12:00:00,1121,06:00:00,Day
1121.1,2020-01-15T12:00:00Z,2020-01-15T18:00:00Z,12:00:00,18:00:00,1121,12:00:00,Day
1121.2,2020-01-15T18:00:00Z,2020-01-16T00:00:00Z,18:00:00,00:00:00,1121,18:00:00,Night
1121.3,2020-01-16T00:00:00Z,2020-01-16T06:00:00Z,00:00:00,06:00:00,1121,00:00:00,Night
1121.4,2020-01-16T06:00:00Z,2020-01-16T08:39:00Z,06:00:00,08:39:00,1121,06:00:00,Day
1131,2020-01-15T09:11:00Z,2020-01-15T12:00:00Z,09:11:00,12:00:00,1131,06:00:00,Day
1131.1,2020-01-15T12:00:00Z,2020-01-15T18:00:00Z,12:00:00,18:00:00,1131,12:00:00,Day
1131.2,2020-01-15T18:00:00Z,2020-01-16T00:00:00Z,18:00:00,00:00:00,1131,18:00:00,Night
1131.3,2020-01-16T00:00:00Z,2020-01-16T06:00:00Z,00:00:00,06:00:00,1131,00:00:00,Night
1131.4,2020-01-16T06:00:00Z,2020-01-16T09:11:00Z,06:00:00,09:11:00,1131,06:00:00,Day
1141,2020-01-15T09:54:00Z,2020-01-15T12:00:00Z,09:54:00,12:00:00,1141,06:00:00,Day
1141.1,2020-01-15T12:00:00Z,2020-01-15T18:00:00Z,12:00:00,18:00:00,1141,12:00:00,Day
1141.2,2020-01-15T18:00:00Z,2020-01-16T00:00:00Z,18:00:00,00:00:00,1141,18:00:00,Night
1141.3,2020-01-16T00:00:00Z,2020-01-16T06:00:00Z,00:00:00,06:00:00,1141,00:00:00,Night
1141.4,2020-01-16T06:00:00Z,2020-01-16T09:54:00Z,06:00:00,09:54:00,1141,06:00:00,Day
1151,2020-01-15T10:18:00Z,2020-01-15T12:00:00Z,10:18:00,12:00:00,1151,06:00:00,Day
1151.1,2020-01-15T12:00:00Z,2020-01-15T18:00:00Z,12:00:00,18:00:00,1151,12:00:00,Day
1151.2,2020-01-15T18:00:00Z,2020-01-16T00:00:00Z,18:00:00,00:00:00,1151,18:00:00,Night
1151.3,2020-01-16T00:00:00Z,2020-01-16T06:00:00Z,00:00:00,06:00:00,1151,00:00:00,Night
1151.4,2020-01-16T06:00:00Z,2020-01-16T10:18:00Z,06:00:00,10:18:00,1151,06:00:00,Day
1161,2020-01-17T08:28:00Z,2020-01-17T12:00:00Z,08:28:00,12:00:00,1161,06:00:00,Day
1161.1,2020-01-17T12:00:00Z,2020-01-17T18:00:00Z,12:00:00,18:00:00,1161,12:00:00,Day
1161.2,2020-01-17T18:00:00Z,2020-01-18T00:00:00Z,18:00:00,00:00:00,1161,18:00:00,Night
1161.3,2020-01-18T00:00:00Z,2020-01-18T06:00:00Z,00:00:00,06:00:00,1161,00:00:00,Night
1161.4,2020-01-18T06:00:00Z,2020-01-18T08:28:00Z,06:00:00,08:28:00,1161,06:00:00,Day
1172,2020-01-17T08:53:00Z,2020-01-17T12:00:00Z,08:53:00,12:00:00,1172,06:00:00,Day
1172.1,2020-01-17T12:00:00Z,2020-01-17T18:00:00Z,12:00:00,18:00:00,1172,12:00:00,Day
1172.2,2020-01-17T18:00:00Z,2020-01-18T00:00:00Z,18:00:00,00:00:00,1172,18:00:00,Night
1172.3,2020-01-18T00:00:00Z,2020-01-18T06:00:00Z,00:00:00,06:00:00,1172,00:00:00,Night
1172.4,2020-01-18T06:00:00Z,2020-01-18T08:53:00Z,06:00:00,08:53:00,1172,06:00:00,Day
1183,2020-01-17T09:15:00Z,2020-01-17T12:00:00Z,09:15:00,12:00:00,1183,06:00:00,Day
1183.1,2020-01-17T12:00:00Z,2020-01-17T18:00:00Z,12:00:00,18:00:00,1183,12:00:00,Day
1183.2,2020-01-17T18:00:00Z,2020-01-18T00:00:00Z,18:00:00,00:00:00,1183,18:00:00,Night
1183.3,2020-01-18T00:00:00Z,2020-01-18T06:00:00Z,00:00:00,06:00:00,1183,00:00:00,Night
1183.4,2020-01-18T06:00:00Z,2020-01-18T09:15:00Z,06:00:00,09:15:00,1183,06:00:00,Day
1194,2020-01-17T09:59:00Z,2020-01-17T12:00:00Z,09:59:00,12:00:00,1194,06:00:00,Day
1194.1,2020-01-17T12:00:00Z,2020-01-17T18:00:00Z,12:00:00,18:00:00,1194,12:00:00,Day
1194.2,2020-01-17T18:00:00Z,2020-01-18T00:00:00Z,18:00:00,00:00:00,1194,18:00:00,Night
1194.3,2020-01-18T00:00:00Z,2020-01-18T06:00:00Z,00:00:00,06:00:00,1194,00:00:00,Night
1194.4,2020-01-18T06:00:00Z,2020-01-18T09:59:00Z,06:00:00,09:59:00,1194,06:00:00,Day
1205,2020-02-04T07:32:00Z,2020-02-04T12:00:00Z,07:32:00,12:00:00,1205,06:00:00,Day
1205.1,2020-02-04T12:00:00Z,2020-02-04T18:00:00Z,12:00:00,18:00:00,1205,12:00:00,Day
1205.2,2020-02-04T18:00:00Z,2020-02-05T00:00:00Z,18:00:00,00:00:00,1205,18:00:00,Night
1205.3,2020-02-05T00:00:00Z,2020-02-05T06:00:00Z,00:00:00,06:00:00,1205,00:00:00,Night
1205.4,2020-02-05T06:00:00Z,2020-02-05T07:32:00Z,06:00:00,07:32:00,1205,06:00:00,Day
1216,2020-02-04T07:59:00Z,2020-02-04T12:00:00Z,07:59:00,12:00:00,1216,06:00:00,Day
1216.1,2020-02-04T12:00:00Z,2020-02-04T18:00:00Z,12:00:00,18:00:00,1216,12:00:00,Day
1216.2,2020-02-04T18:00:00Z,2020-02-05T00:00:00Z,18:00:00,00:00:00,1216,18:00:00,Night
1216.3,2020-02-05T00:00:00Z,2020-02-05T06:00:00Z,00:00:00,06:00:00,1216,00:00:00,Night
1216.4,2020-02-05T06:00:00Z,2020-02-05T07:59:00Z,06:00:00,07:59:00,1216,06:00:00,Day
1227,2020-02-04T08:35:00Z,2020-02-04T12:00:00Z,08:35:00,12:00:00,1227,06:00:00,Day
1227.1,2020-02-04T12:00:00Z,2020-02-04T18:00:00Z,12:00:00,18:00:00,1227,12:00:00,Day
1227.2,2020-02-04T18:00:00Z,2020-02-05T00:00:00Z,18:00:00,00:00:00,1227,18:00:00,Night
1227.3,2020-02-05T00:00:00Z,2020-02-05T06:00:00Z,00:00:00,06:00:00,1227,00:00:00,Night
1227.4,2020-02-05T06:00:00Z,2020-02-05T08:35:00Z,06:00:00,08:35:00,1227,06:00:00,Day
1238,2020-02-04T08:58:00Z,2020-02-04T12:00:00Z,08:58:00,12:00:00,1238,06:00:00,Day
1238.1,2020-02-04T12:00:00Z,2020-02-04T18:00:00Z,12:00:00,18:00:00,1238,12:00:00,Day
1238.2,2020-02-04T18:00:00Z,2020-02-05T00:00:00Z,18:00:00,00:00:00,1238,18:00:00,Night
1238.3,2020-02-05T00:00:00Z,2020-02-05T06:00:00Z,00:00:00,06:00:00,1238,00:00:00,Night
1238.4,2020-02-05T06:00:00Z,2020-02-05T08:58:00Z,06:00:00,08:58:00,1238,06:00:00,Day
1249,2020-02-06T08:07:00Z,2020-02-06T12:00:00Z,08:07:00,12:00:00,1249,06:00:00,Day
1249.1,2020-02-06T12:00:00Z,2020-02-06T18:00:00Z,12:00:00,18:00:00,1249,12:00:00,Day
1249.2,2020-02-06T18:00:00Z,2020-02-07T00:00:00Z,18:00:00,00:00:00,1249,18:00:00,Night
1249.3,2020-02-07T00:00:00Z,2020-02-07T06:00:00Z,00:00:00,06:00:00,1249,00:00:00,Night
1249.4,2020-02-07T06:00:00Z,2020-02-07T08:07:00Z,06:00:00,08:07:00,1249,06:00:00,Day
1260,2020-02-06T08:20:00Z,2020-02-06T12:00:00Z,08:20:00,12:00:00,1260,06:00:00,Day
1260.1,2020-02-06T12:00:00Z,2020-02-06T18:00:00Z,12:00:00,18:00:00,1260,12:00:00,Day
1260.2,2020-02-06T18:00:00Z,2020-02-07T00:00:00Z,18:00:00,00:00:00,1260,18:00:00,Night
1260.3,2020-02-07T00:00:00Z,2020-02-07T06:00:00Z,00:00:00,06:00:00,1260,00:00:00,Night
1260.4,2020-02-07T06:00:00Z,2020-02-07T08:20:00Z,06:00:00,08:20:00,1260,06:00:00,Day
1271,2020-02-06T09:20:00Z,2020-02-06T12:00:00Z,09:20:00,12:00:00,1271,06:00:00,Day
1271.1,2020-02-06T12:00:00Z,2020-02-06T18:00:00Z,12:00:00,18:00:00,1271,12:00:00,Day
1271.2,2020-02-06T18:00:00Z,2020-02-07T00:00:00Z,18:00:00,00:00:00,1271,18:00:00,Night
1271.3,2020-02-07T00:00:00Z,2020-02-07T06:00:00Z,00:00:00,06:00:00,1271,00:00:00,Night
1271.4,2020-02-07T06:00:00Z,2020-02-07T09:20:00Z,06:00:00,09:20:00,1271,06:00:00,Day
1282,2020-02-06T09:53:00Z,2020-02-06T12:00:00Z,09:53:00,12:00:00,1282,06:00:00,Day
1282.1,2020-02-06T12:00:00Z,2020-02-06T18:00:00Z,12:00:00,18:00:00,1282,12:00:00,Day
1282.2,2020-02-06T18:00:00Z,2020-02-07T00:00:00Z,18:00:00,00:00:00,1282,18:00:00,Night
1282.3,2020-02-07T00:00:00Z,2020-02-07T06:00:00Z,00:00:00,06:00:00,1282,00:00:00,Night
1282.4,2020-02-07T06:00:00Z,2020-02-07T09:53:00Z,06:00:00,09:53:00,1282,06:00:00,Day
1293,2020-03-03T07:48:00Z,2020-03-03T12:00:00Z,07:48:00,12:00:00,1293,06:00:00,Day
1293.1,2020-03-03T12:00:00Z,2020-03-03T18:00:00Z,12:00:00,18:00:00,1293,12:00:00,Day
1293.2,2020-03-03T18:00:00Z,2020-03-04T00:00:00Z,18:00:00,00:00:00,1293,18:00:00,Night
1293.3,2020-03-04T00:00:00Z,2020-03-04T06:00:00Z,00:00:00,06:00:00,1293,00:00:00,Night
1293.4,2020-03-04T06:00:00Z,2020-03-04T07:48:00Z,06:00:00,07:48:00,1293,06:00:00,Day
1304,2020-03-03T08:21:00Z,2020-03-03T12:00:00Z,08:21:00,12:00:00,1304,06:00:00,Day
1304.1,2020-03-03T12:00:00Z,2020-03-03T18:00:00Z,12:00:00,18:00:00,1304,12:00:00,Day
1304.2,2020-03-03T18:00:00Z,2020-03-04T00:00:00Z,18:00:00,00:00:00,1304,18:00:00,Night
1304.3,2020-03-04T00:00:00Z,2020-03-04T06:00:00Z,00:00:00,06:00:00,1304,00:00:00,Night
1304.4,2020-03-04T06:00:00Z,2020-03-04T08:21:00Z,06:00:00,08:21:00,1304,06:00:00,Day
1315,2020-03-03T09:14:00Z,2020-03-03T12:00:00Z,09:14:00,12:00:00,1315,06:00:00,Day
1315.1,2020-03-03T12:00:00Z,2020-03-03T18:00:00Z,12:00:00,18:00:00,1315,12:00:00,Day
1315.2,2020-03-03T18:00:00Z,2020-03-04T00:00:00Z,18:00:00,00:00:00,1315,18:00:00,Night
1315.3,2020-03-04T00:00:00Z,2020-03-04T06:00:00Z,00:00:00,06:00:00,1315,00:00:00,Night
1315.4,2020-03-04T06:00:00Z,2020-03-04T09:14:00Z,06:00:00,09:14:00,1315,06:00:00,Day
1326,2020-02-03T09:46:00Z,2020-02-03T12:00:00Z,09:46:00,12:00:00,1326,06:00:00,Day
1326.1,2020-02-03T12:00:00Z,2020-02-03T18:00:00Z,12:00:00,18:00:00,1326,12:00:00,Day
1326.2,2020-02-03T18:00:00Z,2020-02-04T00:00:00Z,18:00:00,00:00:00,1326,18:00:00,Night
1326.3,2020-02-04T00:00:00Z,2020-02-04T06:00:00Z,00:00:00,06:00:00,1326,00:00:00,Night
1326.4,2020-02-04T06:00:00Z,2020-02-04T09:46:00Z,06:00:00,09:46:00,1326,06:00:00,Day
1337,2020-03-05T08:00:00Z,2020-03-05T12:00:00Z,08:00:00,12:00:00,1337,06:00:00,Day
1337.1,2020-03-05T12:00:00Z,2020-03-05T18:00:00Z,12:00:00,18:00:00,1337,12:00:00,Day
1337.2,2020-03-05T18:00:00Z,2020-03-06T00:00:00Z,18:00:00,00:00:00,1337,18:00:00,Night
1337.3,2020-03-06T00:00:00Z,2020-03-06T06:00:00Z,00:00:00,06:00:00,1337,00:00:00,Night
1337.4,2020-03-06T06:00:00Z,2020-03-06T08:00:00Z,06:00:00,08:00:00,1337,06:00:00,Day
1348,2020-03-05T09:05:00Z,2020-03-05T12:00:00Z,09:05:00,12:00:00,1348,06:00:00,Day
1348.1,2020-03-05T12:00:00Z,2020-03-05T18:00:00Z,12:00:00,18:00:00,1348,12:00:00,Day
1348.2,2020-03-05T18:00:00Z,2020-03-06T00:00:00Z,18:00:00,00:00:00,1348,18:00:00,Night
1348.3,2020-03-06T00:00:00Z,2020-03-06T06:00:00Z,00:00:00,06:00:00,1348,00:00:00,Night
1348.4,2020-03-06T06:00:00Z,2020-03-06T09:05:00Z,06:00:00,09:05:00,1348,06:00:00,Day
1359,2020-03-05T09:40:00Z,2020-03-05T12:00:00Z,09:40:00,12:00:00,1359,06:00:00,Day
1359.1,2020-03-05T12:00:00Z,2020-03-05T18:00:00Z,12:00:00,18:00:00,1359,12:00:00,Day
1359.2,2020-03-05T18:00:00Z,2020-03-06T00:00:00Z,18:00:00,00:00:00,1359,18:00:00,Night
1359.3,2020-03-06T00:00:00Z,2020-03-06T06:00:00Z,00:00:00,06:00:00,1359,00:00:00,Night
1359.4,2020-03-06T06:00:00Z,2020-03-06T09:40:00Z,06:00:00,09:40:00,1359,06:00:00,Day
1370,2020-03-05T08:26:00Z,2020-03-05T12:00:00Z,08:26:00,12:00:00,1370,06:00:00,Day
1370.1,2020-03-05T12:00:00Z,2020-03-05T18:00:00Z,12:00:00,18:00:00,1370,12:00:00,Day
1370.2,2020-03-05T18:00:00Z,2020-03-06T00:00:00Z,18:00:00,00:00:00,1370,18:00:00,Night
1370.3,2020-03-06T00:00:00Z,2020-03-06T06:00:00Z,00:00:00,06:00:00,1370,00:00:00,Night
1370.4,2020-03-06T06:00:00Z,2020-03-06T08:26:00Z,06:00:00,08:26:00,1370,06:00:00,Day
1393,NA,NA,NA,NA,1393,NA,Day
1393.1,NA,NA,NA,NA,1393,NA,Day
1393.2,NA,NA,NA,NA,1393,NA,Day
1393.3,NA,NA,NA,NA,1393,NA,Day
1393.4,NA,NA,NA,NA,1393,NA,Day
1404,NA,NA,NA,NA,1404,NA,Day
1404.1,NA,NA,NA,NA,1404,NA,Day
1404.2,NA,NA,NA,NA,1404,NA,Day
1404.3,NA,NA,NA,NA,1404,NA,Day
1404.4,NA,NA,NA,NA,1404,NA,Day
1415,NA,NA,NA,NA,1415,NA,Day
1415.1,NA,NA,NA,NA,1415,NA,Day
1415.2,NA,NA,NA,NA,1415,NA,Day
1415.3,NA,NA,NA,NA,1415,NA,Day
1415.4,NA,NA,NA,NA,1415,NA,Day
1426,NA,NA,NA,NA,1426,NA,Day
1426.1,NA,NA,NA,NA,1426,NA,Day
1426.2,NA,NA,NA,NA,1426,NA,Day
1426.3,NA,NA,NA,NA,1426,NA,Day
1426.4,NA,NA,NA,NA,1426,NA,Day
1437,NA,NA,NA,NA,1437,NA,Day
1437.1,NA,NA,NA,NA,1437,NA,Day
1437.2,NA,NA,NA,NA,1437,NA,Day
1437.3,NA,NA,NA,NA,1437,NA,Day
1437.4,NA,NA,NA,NA,1437,NA,Day
1448,NA,NA,NA,NA,1448,NA,Day
1448.1,NA,NA,NA,NA,1448,NA,Day
1448.2,NA,NA,NA,NA,1448,NA,Day
1448.3,NA,NA,NA,NA,1448,NA,Day
1448.4,NA,NA,NA,NA,1448,NA,Day
1459,NA,NA,NA,NA,1459,NA,Day
1459.1,NA,NA,NA,NA,1459,NA,Day
1459.2,NA,NA,NA,NA,1459,NA,Day
1459.3,NA,NA,NA,NA,1459,NA,Day
1459.4,NA,NA,NA,NA,1459,NA,Day
1470,NA,NA,NA,NA,1470,NA,Day
1470.1,NA,NA,NA,NA,1470,NA,Day
1470.2,NA,NA,NA,NA,1470,NA,Day
1470.3,NA,NA,NA,NA,1470,NA,Day
1470.4,NA,NA,NA,NA,1470,NA,Day
1481,NA,NA,NA,NA,1481,NA,Day
1481.1,NA,NA,NA,NA,1481,NA,Day
1481.2,NA,NA,NA,NA,1481,NA,Day
1481.3,NA,NA,NA,NA,1481,NA,Day
1481.4,NA,NA,NA,NA,1481,NA,Day
1492,NA,NA,NA,NA,1492,NA,Day
1492.1,NA,NA,NA,NA,1492,NA,Day
1492.2,NA,NA,NA,NA,1492,NA,Day
1492.3,NA,NA,NA,NA,1492,NA,Day
1492.4,NA,NA,NA,NA,1492,NA,Day
1503,NA,NA,NA,NA,1503,NA,Day
1503.1,NA,NA,NA,NA,1503,NA,Day
1503.2,NA,NA,NA,NA,1503,NA,Day
1503.3,NA,NA,NA,NA,1503,NA,Day
1503.4,NA,NA,NA,NA,1503,NA,Day
1514,NA,NA,NA,NA,1514,NA,Day
1514.1,NA,NA,NA,NA,1514,NA,Day
1514.2,NA,NA,NA,NA,1514,NA,Day
1514.3,NA,NA,NA,NA,1514,NA,Day
1514.4,NA,NA,NA,NA,1514,NA,Day
1525,NA,NA,NA,NA,1525,NA,Day
1525.1,NA,NA,NA,NA,1525,NA,Day
1525.2,NA,NA,NA,NA,1525,NA,Day
1525.3,NA,NA,NA,NA,1525,NA,Day
1525.4,NA,NA,NA,NA,1525,NA,Day
1536,NA,NA,NA,NA,1536,NA,Day
1536.1,NA,NA,NA,NA,1536,NA,Day
1536.2,NA,NA,NA,NA,1536,NA,Day
1536.3,NA,NA,NA,NA,1536,NA,Day
1536.4,NA,NA,NA,NA,1536,NA,Day
1547,NA,NA,NA,NA,1547,NA,Day
1547.1,NA,NA,NA,NA,1547,NA,Day
1547.2,NA,NA,NA,NA,1547,NA,Day
1547.3,NA,NA,NA,NA,1547,NA,Day
1547.4,NA,NA,NA,NA,1547,NA,Day
1557,NA,NA,NA,NA,1557,NA,Day
1557.1,NA,NA,NA,NA,1557,NA,Day
1557.2,NA,NA,NA,NA,1557,NA,Day
1557.3,NA,NA,NA,NA,1557,NA,Day
1557.4,NA,NA,NA,NA,1557,NA,Day
1567,NA,NA,NA,NA,1567,NA,Day
1567.1,NA,NA,NA,NA,1567,NA,Day
1567.2,NA,NA,NA,NA,1567,NA,Day
1567.3,NA,NA,NA,NA,1567,NA,Day
1567.4,NA,NA,NA,NA,1567,NA,Day
1578,NA,NA,NA,NA,1578,NA,Day
1578.1,NA,NA,NA,NA,1578,NA,Day
1578.2,NA,NA,NA,NA,1578,NA,Day
1578.3,NA,NA,NA,NA,1578,NA,Day
1578.4,NA,NA,NA,NA,1578,NA,Day
1588,NA,NA,NA,NA,1588,NA,Day
1588.1,NA,NA,NA,NA,1588,NA,Day
1588.2,NA,NA,NA,NA,1588,NA,Day
1588.3,NA,NA,NA,NA,1588,NA,Day
1588.4,NA,NA,NA,NA,1588,NA,Day
1598,NA,NA,NA,NA,1598,NA,Day
1598.1,NA,NA,NA,NA,1598,NA,Day
1598.2,NA,NA,NA,NA,1598,NA,Day
1598.3,NA,NA,NA,NA,1598,NA,Day
1598.4,NA,NA,NA,NA,1598,NA,Day
1608,NA,NA,NA,NA,1608,NA,Day
1608.1,NA,NA,NA,NA,1608,NA,Day
1608.2,NA,NA,NA,NA,1608,NA,Day
1608.3,NA,NA,NA,NA,1608,NA,Day
1608.4,NA,NA,NA,NA,1608,NA,Day
1618,NA,NA,NA,NA,1618,NA,Day
1618.1,NA,NA,NA,NA,1618,NA,Day
1618.2,NA,NA,NA,NA,1618,NA,Day
1618.3,NA,NA,NA,NA,1618,NA,Day
1618.4,NA,NA,NA,NA,1618,NA,Day
1628,NA,NA,NA,NA,1628,NA,Day
1628.1,NA,NA,NA,NA,1628,NA,Day
1628.2,NA,NA,NA,NA,1628,NA,Day
1628.3,NA,NA,NA,NA,1628,NA,Day
1628.4,NA,NA,NA,NA,1628,NA,Day
1638,NA,NA,NA,NA,1638,NA,Day
1638.1,NA,NA,NA,NA,1638,NA,Day
1638.2,NA,NA,NA,NA,1638,NA,Day
1638.3,NA,NA,NA,NA,1638,NA,Day
1638.4,NA,NA,NA,NA,1638,NA,Day
305,2019-05-27T12:30:00Z,2019-05-27T18:00:00Z,12:30:00,18:00:00,305,12:00:00,Day
305.1,2019-05-27T18:00:00Z,2019-05-28T00:00:00Z,18:00:00,00:00:00,305,18:00:00,Night
305.2,2019-05-28T00:00:00Z,2019-05-28T06:00:00Z,00:00:00,06:00:00,305,00:00:00,Night
305.3,2019-05-28T06:00:00Z,2019-05-28T12:00:00Z,06:00:00,12:00:00,305,06:00:00,Day
305.4,2019-05-28T12:00:00Z,2019-05-28T12:30:00Z,12:00:00,12:30:00,305,12:00:00,Day
530,2019-07-29T13:00:00Z,2019-07-29T18:00:00Z,13:00:00,18:00:00,530,12:00:00,Day
530.1,2019-07-29T18:00:00Z,2019-07-30T00:00:00Z,18:00:00,00:00:00,530,18:00:00,Night
530.2,2019-07-30T00:00:00Z,2019-07-30T06:00:00Z,00:00:00,06:00:00,530,00:00:00,Night
530.3,2019-07-30T06:00:00Z,2019-07-30T12:00:00Z,06:00:00,12:00:00,530,06:00:00,Day
530.4,2019-07-30T12:00:00Z,2019-07-30T13:00:00Z,12:00:00,13:00:00,530,12:00:00,Day
540,2019-07-29T14:00:00Z,2019-07-29T18:00:00Z,14:00:00,18:00:00,540,12:00:00,Day
540.1,2019-07-29T18:00:00Z,2019-07-30T00:00:00Z,18:00:00,00:00:00,540,18:00:00,Night
540.2,2019-07-30T00:00:00Z,2019-07-30T06:00:00Z,00:00:00,06:00:00,540,00:00:00,Night
540.3,2019-07-30T06:00:00Z,2019-07-30T12:00:00Z,06:00:00,12:00:00,540,06:00:00,Day
540.4,2019-07-30T12:00:00Z,2019-07-30T14:00:00Z,12:00:00,14:00:00,540,12:00:00,Day
549,2019-07-29T14:45:00Z,2019-07-29T18:00:00Z,14:45:00,18:00:00,549,12:00:00,Day
549.1,2019-07-29T18:00:00Z,2019-07-30T00:00:00Z,18:00:00,00:00:00,549,18:00:00,Night
549.2,2019-07-30T00:00:00Z,2019-07-30T06:00:00Z,00:00:00,06:00:00,549,00:00:00,Night
549.3,2019-07-30T06:00:00Z,2019-07-30T12:00:00Z,06:00:00,12:00:00,549,06:00:00,Day
549.4,2019-07-30T12:00:00Z,2019-07-30T14:45:00Z,12:00:00,14:45:00,549,12:00:00,Day
558,2019-07-29T14:45:00Z,2019-07-29T18:00:00Z,14:45:00,18:00:00,558,12:00:00,Day
558.1,2019-07-29T18:00:00Z,2019-07-30T00:00:00Z,18:00:00,00:00:00,558,18:00:00,Night
558.2,2019-07-30T00:00:00Z,2019-07-30T06:00:00Z,00:00:00,06:00:00,558,00:00:00,Night
558.3,2019-07-30T06:00:00Z,2019-07-30T12:00:00Z,06:00:00,12:00:00,558,06:00:00,Day
558.4,2019-07-30T12:00:00Z,2019-07-30T14:45:00Z,12:00:00,14:45:00,558,12:00:00,Day
567,2019-07-31T11:50:00Z,2019-07-31T12:00:00Z,11:50:00,12:00:00,567,06:00:00,Day
567.1,2019-07-31T12:00:00Z,2019-07-31T18:00:00Z,12:00:00,18:00:00,567,12:00:00,Day
567.2,2019-07-31T18:00:00Z,2019-08-01T00:00:00Z,18:00:00,00:00:00,567,18:00:00,Night
567.3,2019-08-01T00:00:00Z,2019-08-01T06:00:00Z,00:00:00,06:00:00,567,00:00:00,Night
567.4,2019-08-01T06:00:00Z,2019-08-01T11:50:00Z,06:00:00,11:50:00,567,06:00:00,Day
577,NA,NA,NA,NA,577,NA,Day
577.1,NA,NA,NA,NA,577,NA,Day
577.2,NA,NA,NA,NA,577,NA,Day
577.3,NA,NA,NA,NA,577,NA,Day
577.4,NA,NA,NA,NA,577,NA,Day
586,2019-07-31T01:00:00Z,2019-07-31T06:00:00Z,01:00:00,06:00:00,586,00:00:00,Night
586.1,2019-07-31T06:00:00Z,2019-07-31T12:00:00Z,06:00:00,12:00:00,586,06:00:00,Day
586.2,2019-07-31T12:00:00Z,2019-07-31T18:00:00Z,12:00:00,18:00:00,586,12:00:00,Day
586.3,2019-07-31T18:00:00Z,2019-08-01T00:00:00Z,18:00:00,00:00:00,586,18:00:00,Night
586.4,2019-08-01T00:00:00Z,2019-08-01T01:00:00Z,00:00:00,01:00:00,586,00:00:00,Night
595,2019-07-31T13:31:00Z,2019-07-31T18:00:00Z,13:31:00,18:00:00,595,12:00:00,Day
595.1,2019-07-31T18:00:00Z,2019-08-01T00:00:00Z,18:00:00,00:00:00,595,18:00:00,Night
595.2,2019-08-01T00:00:00Z,2019-08-01T06:00:00Z,00:00:00,06:00:00,595,00:00:00,Night
595.3,2019-08-01T06:00:00Z,2019-08-01T12:00:00Z,06:00:00,12:00:00,595,06:00:00,Day
595.4,2019-08-01T12:00:00Z,2019-08-01T13:31:00Z,12:00:00,13:31:00,595,12:00:00,Day
604,2019-08-19T12:50:00Z,2019-08-19T18:00:00Z,12:50:00,18:00:00,604,12:00:00,Day
604.1,2019-08-19T18:00:00Z,2019-08-20T00:00:00Z,18:00:00,00:00:00,604,18:00:00,Night
604.2,2019-08-20T00:00:00Z,2019-08-20T06:00:00Z,00:00:00,06:00:00,604,00:00:00,Night
604.3,2019-08-20T06:00:00Z,2019-08-20T12:00:00Z,06:00:00,12:00:00,604,06:00:00,Day
604.4,2019-08-20T12:00:00Z,2019-08-20T12:50:00Z,12:00:00,12:50:00,604,12:00:00,Day
614,2019-08-19T13:40:00Z,2019-08-19T18:00:00Z,13:40:00,18:00:00,614,12:00:00,Day
614.1,2019-08-19T18:00:00Z,2019-08-20T00:00:00Z,18:00:00,00:00:00,614,18:00:00,Night
614.2,2019-08-20T00:00:00Z,2019-08-20T06:00:00Z,00:00:00,06:00:00,614,00:00:00,Night
614.3,2019-08-20T06:00:00Z,2019-08-20T12:00:00Z,06:00:00,12:00:00,614,06:00:00,Day
614.4,2019-08-20T12:00:00Z,2019-08-20T13:40:00Z,12:00:00,13:40:00,614,12:00:00,Day
623,2019-08-19T14:40:00Z,2019-08-19T18:00:00Z,14:40:00,18:00:00,623,12:00:00,Day
623.1,2019-08-19T18:00:00Z,2019-08-20T00:00:00Z,18:00:00,00:00:00,623,18:00:00,Night
623.2,2019-08-20T00:00:00Z,2019-08-20T06:00:00Z,00:00:00,06:00:00,623,00:00:00,Night
623.3,2019-08-20T06:00:00Z,2019-08-20T12:00:00Z,06:00:00,12:00:00,623,06:00:00,Day
623.4,2019-08-20T12:00:00Z,2019-08-20T14:40:00Z,12:00:00,14:40:00,623,12:00:00,Day
632,2019-08-19T15:10:00Z,2019-08-19T18:00:00Z,15:10:00,18:00:00,632,12:00:00,Day
632.1,2019-08-19T18:00:00Z,2019-08-20T00:00:00Z,18:00:00,00:00:00,632,18:00:00,Night
632.2,2019-08-20T00:00:00Z,2019-08-20T06:00:00Z,00:00:00,06:00:00,632,00:00:00,Night
632.3,2019-08-20T06:00:00Z,2019-08-20T12:00:00Z,06:00:00,12:00:00,632,06:00:00,Day
632.4,2019-08-20T12:00:00Z,2019-08-20T15:10:00Z,12:00:00,15:10:00,632,12:00:00,Day
651,2019-08-21T16:10:00Z,2019-08-21T18:00:00Z,16:10:00,18:00:00,651,12:00:00,Day
651.1,2019-08-21T18:00:00Z,2019-08-22T00:00:00Z,18:00:00,00:00:00,651,18:00:00,Night
651.2,2019-08-22T00:00:00Z,2019-08-22T06:00:00Z,00:00:00,06:00:00,651,00:00:00,Night
651.3,2019-08-22T06:00:00Z,2019-08-22T12:00:00Z,06:00:00,12:00:00,651,06:00:00,Day
651.4,2019-08-22T12:00:00Z,2019-08-22T16:10:00Z,12:00:00,16:10:00,651,12:00:00,Day
660,2019-08-21T16:40:00Z,2019-08-21T18:00:00Z,16:40:00,18:00:00,660,12:00:00,Day
660.1,2019-08-21T18:00:00Z,2019-08-22T00:00:00Z,18:00:00,00:00:00,660,18:00:00,Night
660.2,2019-08-22T00:00:00Z,2019-08-22T06:00:00Z,00:00:00,06:00:00,660,00:00:00,Night
660.3,2019-08-22T06:00:00Z,2019-08-22T12:00:00Z,06:00:00,12:00:00,660,06:00:00,Day
660.4,2019-08-22T12:00:00Z,2019-08-22T16:40:00Z,12:00:00,16:40:00,660,12:00:00,Day
669,2019-08-21T16:40:00Z,2019-08-21T18:00:00Z,16:40:00,18:00:00,669,12:00:00,Day
669.1,2019-08-21T18:00:00Z,2019-08-22T00:00:00Z,18:00:00,00:00:00,669,18:00:00,Night
669.2,2019-08-22T00:00:00Z,2019-08-22T06:00:00Z,00:00:00,06:00:00,669,00:00:00,Night
669.3,2019-08-22T06:00:00Z,2019-08-22T12:00:00Z,06:00:00,12:00:00,669,06:00:00,Day
669.4,2019-08-22T12:00:00Z,2019-08-22T16:40:00Z,12:00:00,16:40:00,669,12:00:00,Day
678,2019-08-21T15:41:00Z,2019-08-21T18:00:00Z,15:41:00,18:00:00,678,12:00:00,Day
678.1,2019-08-21T18:00:00Z,2019-08-22T00:00:00Z,18:00:00,00:00:00,678,18:00:00,Night
678.2,2019-08-22T00:00:00Z,2019-08-22T06:00:00Z,00:00:00,06:00:00,678,00:00:00,Night
678.3,2019-08-22T06:00:00Z,2019-08-22T12:00:00Z,06:00:00,12:00:00,678,06:00:00,Day
678.4,2019-08-22T12:00:00Z,2019-08-22T15:41:00Z,12:00:00,15:41:00,678,12:00:00,Day
681,2019-09-09T12:53:00Z,2019-09-09T18:00:00Z,12:53:00,18:00:00,681,12:00:00,Day
681.1,2019-09-09T18:00:00Z,2019-09-10T00:00:00Z,18:00:00,00:00:00,681,18:00:00,Night
681.2,2019-09-10T00:00:00Z,2019-09-10T06:00:00Z,00:00:00,06:00:00,681,00:00:00,Night
681.3,2019-09-10T06:00:00Z,2019-09-10T12:00:00Z,06:00:00,12:00:00,681,06:00:00,Day
681.4,2019-09-10T12:00:00Z,2019-09-10T12:53:00Z,12:00:00,12:53:00,681,12:00:00,Day
692,2019-09-09T13:43:00Z,2019-09-09T18:00:00Z,13:43:00,18:00:00,692,12:00:00,Day
692.1,2019-09-09T18:00:00Z,2019-09-10T00:00:00Z,18:00:00,00:00:00,692,18:00:00,Night
692.2,2019-09-10T00:00:00Z,2019-09-10T06:00:00Z,00:00:00,06:00:00,692,00:00:00,Night
692.3,2019-09-10T06:00:00Z,2019-09-10T12:00:00Z,06:00:00,12:00:00,692,06:00:00,Day
692.4,2019-09-10T12:00:00Z,2019-09-10T13:43:00Z,12:00:00,13:43:00,692,12:00:00,Day
703,2019-09-09T14:33:00Z,2019-09-09T18:00:00Z,14:33:00,18:00:00,703,12:00:00,Day
703.1,2019-09-09T18:00:00Z,2019-09-10T00:00:00Z,18:00:00,00:00:00,703,18:00:00,Night
703.2,2019-09-10T00:00:00Z,2019-09-10T06:00:00Z,00:00:00,06:00:00,703,00:00:00,Night
703.3,2019-09-10T06:00:00Z,2019-09-10T12:00:00Z,06:00:00,12:00:00,703,06:00:00,Day
703.4,2019-09-10T12:00:00Z,2019-09-10T14:33:00Z,12:00:00,14:33:00,703,12:00:00,Day
714,2019-09-09T15:10:00Z,2019-09-09T18:00:00Z,15:10:00,18:00:00,714,12:00:00,Day
714.1,2019-09-09T18:00:00Z,2019-09-10T00:00:00Z,18:00:00,00:00:00,714,18:00:00,Night
714.2,2019-09-10T00:00:00Z,2019-09-10T06:00:00Z,00:00:00,06:00:00,714,00:00:00,Night
714.3,2019-09-10T06:00:00Z,2019-09-10T12:00:00Z,06:00:00,12:00:00,714,06:00:00,Day
714.4,2019-09-10T12:00:00Z,2019-09-10T15:10:00Z,12:00:00,15:10:00,714,12:00:00,Day
725,2019-09-11T12:58:00Z,2019-09-11T18:00:00Z,12:58:00,18:00:00,725,12:00:00,Day
725.1,2019-09-11T18:00:00Z,2019-09-12T00:00:00Z,18:00:00,00:00:00,725,18:00:00,Night
725.2,2019-09-12T00:00:00Z,2019-09-12T06:00:00Z,00:00:00,06:00:00,725,00:00:00,Night
725.3,2019-09-12T06:00:00Z,2019-09-12T12:00:00Z,06:00:00,12:00:00,725,06:00:00,Day
725.4,2019-09-12T12:00:00Z,2019-09-12T12:58:00Z,12:00:00,12:58:00,725,12:00:00,Day
736,2019-09-11T13:33:00Z,2019-09-11T18:00:00Z,13:33:00,18:00:00,736,12:00:00,Day
736.1,2019-09-11T18:00:00Z,2019-09-12T00:00:00Z,18:00:00,00:00:00,736,18:00:00,Night
736.2,2019-09-12T00:00:00Z,2019-09-12T06:00:00Z,00:00:00,06:00:00,736,00:00:00,Night
736.3,2019-09-12T06:00:00Z,2019-09-12T12:00:00Z,06:00:00,12:00:00,736,06:00:00,Day
736.4,2019-09-12T12:00:00Z,2019-09-12T13:33:00Z,12:00:00,13:33:00,736,12:00:00,Day
747,2019-09-11T14:37:00Z,2019-09-11T18:00:00Z,14:37:00,18:00:00,747,12:00:00,Day
747.1,2019-09-11T18:00:00Z,2019-09-12T00:00:00Z,18:00:00,00:00:00,747,18:00:00,Night
747.2,2019-09-12T00:00:00Z,2019-09-12T06:00:00Z,00:00:00,06:00:00,747,00:00:00,Night
747.3,2019-09-12T06:00:00Z,2019-09-12T12:00:00Z,06:00:00,12:00:00,747,06:00:00,Day
747.4,2019-09-12T12:00:00Z,2019-09-12T14:37:00Z,12:00:00,14:37:00,747,12:00:00,Day
758,2019-09-11T15:14:00Z,2019-09-11T18:00:00Z,15:14:00,18:00:00,758,12:00:00,Day
758.1,2019-09-11T18:00:00Z,2019-09-12T00:00:00Z,18:00:00,00:00:00,758,18:00:00,Night
758.2,2019-09-12T00:00:00Z,2019-09-12T06:00:00Z,00:00:00,06:00:00,758,00:00:00,Night
758.3,2019-09-12T06:00:00Z,2019-09-12T12:00:00Z,06:00:00,12:00:00,758,06:00:00,Day
758.4,2019-09-12T12:00:00Z,2019-09-12T15:14:00Z,12:00:00,15:14:00,758,12:00:00,Day
769,2019-09-30T12:05:00Z,2019-09-30T18:00:00Z,12:05:00,18:00:00,769,12:00:00,Day
769.1,2019-09-30T18:00:00Z,2019-10-01T00:00:00Z,18:00:00,00:00:00,769,18:00:00,Night
769.2,2019-10-01T00:00:00Z,2019-10-01T06:00:00Z,00:00:00,06:00:00,769,00:00:00,Night
769.3,2019-10-01T06:00:00Z,2019-10-01T12:00:00Z,06:00:00,12:00:00,769,06:00:00,Day
769.4,2019-10-01T12:00:00Z,2019-10-01T12:05:00Z,12:00:00,12:05:00,769,12:00:00,Day
780,2019-09-30T12:49:00Z,2019-09-30T18:00:00Z,12:49:00,18:00:00,780,12:00:00,Day
780.1,2019-09-30T18:00:00Z,2019-10-01T00:00:00Z,18:00:00,00:00:00,780,18:00:00,Night
780.2,2019-10-01T00:00:00Z,2019-10-01T06:00:00Z,00:00:00,06:00:00,780,00:00:00,Night
780.3,2019-10-01T06:00:00Z,2019-10-01T12:00:00Z,06:00:00,12:00:00,780,06:00:00,Day
780.4,2019-10-01T12:00:00Z,2019-10-01T12:49:00Z,12:00:00,12:49:00,780,12:00:00,Day
791,2019-09-30T13:30:00Z,2019-09-30T18:00:00Z,13:30:00,18:00:00,791,12:00:00,Day
791.1,2019-09-30T18:00:00Z,2019-10-01T00:00:00Z,18:00:00,00:00:00,791,18:00:00,Night
791.2,2019-10-01T00:00:00Z,2019-10-01T06:00:00Z,00:00:00,06:00:00,791,00:00:00,Night
791.3,2019-10-01T06:00:00Z,2019-10-01T12:00:00Z,06:00:00,12:00:00,791,06:00:00,Day
791.4,2019-10-01T12:00:00Z,2019-10-01T13:30:00Z,12:00:00,13:30:00,791,12:00:00,Day
802,2019-09-30T14:00:00Z,2019-09-30T18:00:00Z,14:00:00,18:00:00,802,12:00:00,Day
802.1,2019-09-30T18:00:00Z,2019-10-01T00:00:00Z,18:00:00,00:00:00,802,18:00:00,Night
802.2,2019-10-01T00:00:00Z,2019-10-01T06:00:00Z,00:00:00,06:00:00,802,00:00:00,Night
802.3,2019-10-01T06:00:00Z,2019-10-01T12:00:00Z,06:00:00,12:00:00,802,06:00:00,Day
802.4,2019-10-01T12:00:00Z,2019-10-01T14:00:00Z,12:00:00,14:00:00,802,12:00:00,Day
813,2019-10-02T10:24:00Z,2019-10-02T12:00:00Z,10:24:00,12:00:00,813,06:00:00,Day
813.1,2019-10-02T12:00:00Z,2019-10-02T18:00:00Z,12:00:00,18:00:00,813,12:00:00,Day
813.2,2019-10-02T18:00:00Z,2019-10-03T00:00:00Z,18:00:00,00:00:00,813,18:00:00,Night
813.3,2019-10-03T00:00:00Z,2019-10-03T06:00:00Z,00:00:00,06:00:00,813,00:00:00,Night
813.4,2019-10-03T06:00:00Z,2019-10-03T10:24:00Z,06:00:00,10:24:00,813,06:00:00,Day
824,2019-10-02T10:50:00Z,2019-10-02T12:00:00Z,10:50:00,12:00:00,824,06:00:00,Day
824.1,2019-10-02T12:00:00Z,2019-10-02T18:00:00Z,12:00:00,18:00:00,824,12:00:00,Day
824.2,2019-10-02T18:00:00Z,2019-10-03T00:00:00Z,18:00:00,00:00:00,824,18:00:00,Night
824.3,2019-10-03T00:00:00Z,2019-10-03T06:00:00Z,00:00:00,06:00:00,824,00:00:00,Night
824.4,2019-10-03T06:00:00Z,2019-10-03T10:50:00Z,06:00:00,10:50:00,824,06:00:00,Day
835,2019-10-02T11:25:00Z,2019-10-02T12:00:00Z,11:25:00,12:00:00,835,06:00:00,Day
835.1,2019-10-02T12:00:00Z,2019-10-02T18:00:00Z,12:00:00,18:00:00,835,12:00:00,Day
835.2,2019-10-02T18:00:00Z,2019-10-03T00:00:00Z,18:00:00,00:00:00,835,18:00:00,Night
835.3,2019-10-03T00:00:00Z,2019-10-03T06:00:00Z,00:00:00,06:00:00,835,00:00:00,Night
835.4,2019-10-03T06:00:00Z,2019-10-03T11:25:00Z,06:00:00,11:25:00,835,06:00:00,Day
846,2019-10-02T12:02:00Z,2019-10-02T18:00:00Z,12:02:00,18:00:00,846,12:00:00,Day
846.1,2019-10-02T18:00:00Z,2019-10-03T00:00:00Z,18:00:00,00:00:00,846,18:00:00,Night
846.2,2019-10-03T00:00:00Z,2019-10-03T06:00:00Z,00:00:00,06:00:00,846,00:00:00,Night
846.3,2019-10-03T06:00:00Z,2019-10-03T12:00:00Z,06:00:00,12:00:00,846,06:00:00,Day
846.4,2019-10-03T12:00:00Z,2019-10-03T12:02:00Z,12:00:00,12:02:00,846,12:00:00,Day
857,2019-10-28T13:25:00Z,2019-10-28T18:00:00Z,13:25:00,18:00:00,857,12:00:00,Day
857.1,2019-10-28T18:00:00Z,2019-10-29T00:00:00Z,18:00:00,00:00:00,857,18:00:00,Night
857.2,2019-10-29T00:00:00Z,2019-10-29T06:00:00Z,00:00:00,06:00:00,857,00:00:00,Night
857.3,2019-10-29T06:00:00Z,2019-10-29T12:00:00Z,06:00:00,12:00:00,857,06:00:00,Day
857.4,2019-10-29T12:00:00Z,2019-10-29T13:25:00Z,12:00:00,13:25:00,857,12:00:00,Day
868,2019-10-28T13:55:00Z,2019-10-28T18:00:00Z,13:55:00,18:00:00,868,12:00:00,Day
868.1,2019-10-28T18:00:00Z,2019-10-29T00:00:00Z,18:00:00,00:00:00,868,18:00:00,Night
868.2,2019-10-29T00:00:00Z,2019-10-29T06:00:00Z,00:00:00,06:00:00,868,00:00:00,Night
868.3,2019-10-29T06:00:00Z,2019-10-29T12:00:00Z,06:00:00,12:00:00,868,06:00:00,Day
868.4,2019-10-29T12:00:00Z,2019-10-29T13:55:00Z,12:00:00,13:55:00,868,12:00:00,Day
879,2019-10-28T15:07:00Z,2019-10-28T18:00:00Z,15:07:00,18:00:00,879,12:00:00,Day
879.1,2019-10-28T18:00:00Z,2019-10-29T00:00:00Z,18:00:00,00:00:00,879,18:00:00,Night
879.2,2019-10-29T00:00:00Z,2019-10-29T06:00:00Z,00:00:00,06:00:00,879,00:00:00,Night
879.3,2019-10-29T06:00:00Z,2019-10-29T12:00:00Z,06:00:00,12:00:00,879,06:00:00,Day
879.4,2019-10-29T12:00:00Z,2019-10-29T15:07:00Z,12:00:00,15:07:00,879,12:00:00,Day
890,2019-10-28T15:07:00Z,2019-10-28T18:00:00Z,15:07:00,18:00:00,890,12:00:00,Day
890.1,2019-10-28T18:00:00Z,2019-10-29T00:00:00Z,18:00:00,00:00:00,890,18:00:00,Night
890.2,2019-10-29T00:00:00Z,2019-10-29T06:00:00Z,00:00:00,06:00:00,890,00:00:00,Night
890.3,2019-10-29T06:00:00Z,2019-10-29T12:00:00Z,06:00:00,12:00:00,890,06:00:00,Day
890.4,2019-10-29T12:00:00Z,2019-10-29T15:07:00Z,12:00:00,15:07:00,890,12:00:00,Day
901,2019-10-30T10:22:00Z,2019-10-30T12:00:00Z,10:22:00,12:00:00,901,06:00:00,Day
901.1,2019-10-30T12:00:00Z,2019-10-30T18:00:00Z,12:00:00,18:00:00,901,12:00:00,Day
901.2,2019-10-30T18:00:00Z,2019-10-31T00:00:00Z,18:00:00,00:00:00,901,18:00:00,Night
901.3,2019-10-31T00:00:00Z,2019-10-31T06:00:00Z,00:00:00,06:00:00,901,00:00:00,Night
901.4,2019-10-31T06:00:00Z,2019-10-31T10:22:00Z,06:00:00,10:22:00,901,06:00:00,Day
912,2019-10-30T10:53:00Z,2019-10-30T12:00:00Z,10:53:00,12:00:00,912,06:00:00,Day
912.1,2019-10-30T12:00:00Z,2019-10-30T18:00:00Z,12:00:00,18:00:00,912,12:00:00,Day
912.2,2019-10-30T18:00:00Z,2019-10-31T00:00:00Z,18:00:00,00:00:00,912,18:00:00,Night
912.3,2019-10-31T00:00:00Z,2019-10-31T06:00:00Z,00:00:00,06:00:00,912,00:00:00,Night
912.4,2019-10-31T06:00:00Z,2019-10-31T10:53:00Z,06:00:00,10:53:00,912,06:00:00,Day
923,2019-10-28T11:16:00Z,2019-10-28T12:00:00Z,11:16:00,12:00:00,923,06:00:00,Day
923.1,2019-10-28T12:00:00Z,2019-10-28T18:00:00Z,12:00:00,18:00:00,923,12:00:00,Day
923.2,2019-10-28T18:00:00Z,2019-10-29T00:00:00Z,18:00:00,00:00:00,923,18:00:00,Night
923.3,2019-10-29T00:00:00Z,2019-10-29T06:00:00Z,00:00:00,06:00:00,923,00:00:00,Night
923.4,2019-10-29T06:00:00Z,2019-10-29T11:16:00Z,06:00:00,11:16:00,923,06:00:00,Day
934,2019-10-30T12:23:00Z,2019-10-30T18:00:00Z,12:23:00,18:00:00,934,12:00:00,Day
934.1,2019-10-30T18:00:00Z,2019-10-31T00:00:00Z,18:00:00,00:00:00,934,18:00:00,Night
934.2,2019-10-31T00:00:00Z,2019-10-31T06:00:00Z,00:00:00,06:00:00,934,00:00:00,Night
934.3,2019-10-31T06:00:00Z,2019-10-31T12:00:00Z,06:00:00,12:00:00,934,06:00:00,Day
934.4,2019-10-31T12:00:00Z,2019-10-31T12:23:00Z,12:00:00,12:23:00,934,12:00:00,Day
945,2019-11-18T12:44:00Z,2019-11-18T18:00:00Z,12:44:00,18:00:00,945,12:00:00,Day
945.1,2019-11-18T18:00:00Z,2019-11-19T00:00:00Z,18:00:00,00:00:00,945,18:00:00,Night
945.2,2019-11-19T00:00:00Z,2019-11-19T06:00:00Z,00:00:00,06:00:00,945,00:00:00,Night
945.3,2019-11-19T06:00:00Z,2019-11-19T12:00:00Z,06:00:00,12:00:00,945,06:00:00,Day
945.4,2019-11-19T12:00:00Z,2019-11-19T12:44:00Z,12:00:00,12:44:00,945,12:00:00,Day
956,2019-11-18T13:01:00Z,2019-11-18T18:00:00Z,13:01:00,18:00:00,956,12:00:00,Day
956.1,2019-11-18T18:00:00Z,2019-11-19T00:00:00Z,18:00:00,00:00:00,956,18:00:00,Night
956.2,2019-11-19T00:00:00Z,2019-11-19T06:00:00Z,00:00:00,06:00:00,956,00:00:00,Night
956.3,2019-11-19T06:00:00Z,2019-11-19T12:00:00Z,06:00:00,12:00:00,956,06:00:00,Day
956.4,2019-11-19T12:00:00Z,2019-11-19T13:01:00Z,12:00:00,13:01:00,956,12:00:00,Day
967,2019-11-18T13:48:00Z,2019-11-18T18:00:00Z,13:48:00,18:00:00,967,12:00:00,Day
967.1,2019-11-18T18:00:00Z,2019-11-19T00:00:00Z,18:00:00,00:00:00,967,18:00:00,Night
967.2,2019-11-19T00:00:00Z,2019-11-19T06:00:00Z,00:00:00,06:00:00,967,00:00:00,Night
967.3,2019-11-19T06:00:00Z,2019-11-19T12:00:00Z,06:00:00,12:00:00,967,06:00:00,Day
967.4,2019-11-19T12:00:00Z,2019-11-19T13:48:00Z,12:00:00,13:48:00,967,12:00:00,Day
978,2019-11-18T14:23:00Z,2019-11-18T18:00:00Z,14:23:00,18:00:00,978,12:00:00,Day
978.1,2019-11-18T18:00:00Z,2019-11-19T00:00:00Z,18:00:00,00:00:00,978,18:00:00,Night
978.2,2019-11-19T00:00:00Z,2019-11-19T06:00:00Z,00:00:00,06:00:00,978,00:00:00,Night
978.3,2019-11-19T06:00:00Z,2019-11-19T12:00:00Z,06:00:00,12:00:00,978,06:00:00,Day
978.4,2019-11-19T12:00:00Z,2019-11-19T14:23:00Z,12:00:00,14:23:00,978,12:00:00,Day
989,2019-11-20T10:35:00Z,2019-11-20T12:00:00Z,10:35:00,12:00:00,989,06:00:00,Day
989.1,2019-11-20T12:00:00Z,2019-11-20T18:00:00Z,12:00:00,18:00:00,989,12:00:00,Day
989.2,2019-11-20T18:00:00Z,2019-11-21T00:00:00Z,18:00:00,00:00:00,989,18:00:00,Night
989.3,2019-11-21T00:00:00Z,2019-11-21T06:00:00Z,00:00:00,06:00:00,989,00:00:00,Night
989.4,2019-11-21T06:00:00Z,2019-11-21T10:35:00Z,06:00:00,10:35:00,989,06:00:00,Day
