Lot ID,Transect,Store,Latitude,Longitude,Date,Quantity,Habitat,Check Date,Distance,Type,Created By User,Created On,Day,Day 1,Date Verbatim,Direction Of Observation,Locality,time_increment,overall_lot,bottle_start_time,bottle_end_time
1000,2_MA_SE_6,Ghana freezer,6.2082,0.44409,2019-11-20T11:00:00Z,0,Savannah,28/11/2019,0,Malaise,naana,28/11/2019 09:41,20,NA,NA,NA,Mafi Agorve,0,1000,2019-11-20T11:00:00Z,2019-11-20T12:00:00Z
1000.1,2_MA_SE_6,NA,6.2082,0.44409,2019-11-20T11:00:00Z,0,NA,NA,0,Malaise,talya,25/02/2022 13:20,20,NA,NA,NA,Mafi Agorve,1,1000,2019-11-20T12:00:00Z,2019-11-20T18:00:00Z
1000.2,2_MA_SE_6,NA,6.2082,0.44409,2019-11-20T11:00:00Z,0,NA,NA,0,Malaise,talya,25/02/2022 13:45,20,NA,NA,NA,Mafi Agorve,2,1000,2019-11-20T18:00:00Z,2019-11-21T00:00:00Z
1000.3,2_MA_SE_6,NA,6.2082,0.44409,2019-11-20T11:00:00Z,0,NA,NA,0,Malaise,talya,25/02/2022 14:08,20,NA,NA,NA,Mafi Agorve,3,1000,2019-11-21T00:00:00Z,2019-11-21T06:00:00Z
1000.4,2_MA_SE_6,NA,6.2082,0.44409,2019-11-20T11:00:00Z,0,NA,NA,0,Malaise,talya,25/02/2022 14:16,20,NA,NA,NA,Mafi Agorve,4,1000,2019-11-21T06:00:00Z,2019-11-21T11:00:00Z
1011,2_MA_SW_6,Ghana freezer,6.20923,0.43862,2019-11-20T11:59:00Z,0,Savannah,28/11/2019,0,Malaise,naana,28/11/2019 09:58,20,NA,NA,NA,Mafi Agorve,0,1011,2019-11-20T11:59:00Z,2019-11-20T12:00:00Z
1011.1,2_MA_SW_6,NA,6.20923,0.43862,2019-11-20T11:59:00Z,0,NA,NA,0,Malaise,talya,25/02/2022 13:19,20,NA,NA,NA,Mafi Agorve,1,1011,2019-11-20T12:00:00Z,2019-11-20T18:00:00Z
1011.2,2_MA_SW_6,NA,6.20923,0.43862,2019-11-20T11:59:00Z,0,NA,NA,0,Malaise,talya,25/02/2022 13:44,20,NA,NA,NA,Mafi Agorve,2,1011,2019-11-20T18:00:00Z,2019-11-21T00:00:00Z
1011.3,2_MA_SW_6,NA,6.20923,0.43862,2019-11-20T11:59:00Z,0,NA,NA,0,Malaise,talya,25/02/2022 14:07,20,NA,NA,NA,Mafi Agorve,3,1011,2019-11-21T00:00:00Z,2019-11-21T06:00:00Z
1011.4,2_MA_SW_6,NA,6.20923,0.43862,2019-11-20T11:59:00Z,0,NA,NA,0,Malaise,talya,25/02/2022 14:16,20,NA,NA,NA,Mafi Agorve,4,1011,2019-11-21T06:00:00Z,2019-11-21T11:59:00Z
1022,2_MA_NW_6,Ghana freezer,6.20974,0.43691,2019-11-20T12:17:00Z,0,Savannah,NA,0,Malaise,naana,03/12/2019 16:22,20,NA,NA,NA,Mafi Agorve,0,1022,2019-11-20T12:17:00Z,2019-11-20T18:00:00Z
1022.1,2_MA_NW_6,NA,6.20974,0.43691,2019-11-20T12:17:00Z,0,NA,NA,0,Malaise,talya,25/02/2022 13:19,20,NA,NA,NA,Mafi Agorve,1,1022,2019-11-20T18:00:00Z,2019-11-21T00:00:00Z
1022.2,2_MA_NW_6,NA,6.20974,0.43691,2019-11-20T12:17:00Z,0,NA,NA,0,Malaise,talya,25/02/2022 13:44,20,NA,NA,NA,Mafi Agorve,2,1022,2019-11-21T00:00:00Z,2019-11-21T06:00:00Z
1022.3,2_MA_NW_6,NA,6.20974,0.43691,2019-11-20T12:17:00Z,0,NA,NA,0,Malaise,talya,25/02/2022 14:07,20,NA,NA,NA,Mafi Agorve,3,1022,2019-11-21T06:00:00Z,2019-11-21T12:00:00Z
1022.4,2_MA_NW_6,NA,6.20974,0.43691,2019-11-20T12:17:00Z,0,NA,NA,0,Malaise,talya,25/02/2022 14:15,20,NA,NA,NA,Mafi Agorve,4,1022,2019-11-21T12:00:00Z,2019-11-21T12:17:00Z
1033,2_AA_NW_7,Ghana freezer,6.460021019,0.315885186,2019-12-09T12:19:00Z,0,Savannah,09/12/2019,0,Malaise,david,11/02/2020 12:13,9,NA,NA,NA,Abutia Amegame,0,1033,2019-12-09T12:19:00Z,2019-12-09T18:00:00Z
1033.1,2_AA_NW_7,NA,6.460021019,0.315885186,2019-12-09T12:19:00Z,0,NA,NA,0,Malaise,talya,25/02/2022 13:14,9,NA,NA,NA,Abutia Amegame,1,1033,2019-12-09T18:00:00Z,2019-12-10T00:00:00Z
1033.2,2_AA_NW_7,NA,6.460021019,0.315885186,2019-12-09T12:19:00Z,0,NA,NA,0,Malaise,talya,25/02/2022 13:39,9,NA,NA,NA,Abutia Amegame,2,1033,2019-12-10T00:00:00Z,2019-12-10T06:00:00Z
1033.3,2_AA_NW_7,NA,6.460021019,0.315885186,2019-12-09T12:19:00Z,0,NA,NA,0,Malaise,talya,25/02/2022 14:02,9,NA,NA,NA,Abutia Amegame,3,1033,2019-12-10T06:00:00Z,2019-12-10T12:00:00Z
1033.4,2_AA_NW_7,NA,6.460021019,0.315885186,2019-12-09T12:19:00Z,0,NA,NA,0,Malaise,talya,25/02/2022 14:11,9,NA,NA,NA,Abutia Amegame,4,1033,2019-12-10T12:00:00Z,2019-12-10T12:19:00Z
1044,2_AA_NE_7,Ghana freezer,6.458578295,0.317862229,2019-12-09T12:49:00Z,0,Savannah,09/12/2019,0,Malaise,david,11/02/2020 18:51,9,NA,NA,NA,Abutia Amegame,0,1044,2019-12-09T12:49:00Z,2019-12-09T18:00:00Z
1044.1,2_AA_NE_7,NA,6.458578295,0.317862229,2019-12-09T12:49:00Z,0,NA,NA,0,Malaise,talya,25/02/2022 13:15,9,NA,NA,NA,Abutia Amegame,1,1044,2019-12-09T18:00:00Z,2019-12-10T00:00:00Z
1044.2,2_AA_NE_7,NA,6.458578295,0.317862229,2019-12-09T12:49:00Z,0,NA,NA,0,Malaise,talya,25/02/2022 13:40,9,NA,NA,NA,Abutia Amegame,2,1044,2019-12-10T00:00:00Z,2019-12-10T06:00:00Z
1044.3,2_AA_NE_7,NA,6.458578295,0.317862229,2019-12-09T12:49:00Z,0,NA,NA,0,Malaise,talya,25/02/2022 14:03,9,NA,NA,NA,Abutia Amegame,3,1044,2019-12-10T06:00:00Z,2019-12-10T12:00:00Z
1044.4,2_AA_NE_7,NA,6.458578295,0.317862229,2019-12-09T12:49:00Z,0,NA,NA,0,Malaise,talya,25/02/2022 14:11,9,NA,NA,NA,Abutia Amegame,4,1044,2019-12-10T12:00:00Z,2019-12-10T12:49:00Z
1055,2_AA_SW_7,Ghana freezer,6.457620246,0.313311286,2019-12-09T13:45:00Z,0,Savannah,09/12/2019,0,Malaise,david,11/02/2020 19:07,9,NA,NA,NA,Abutia Amegame,0,1055,2019-12-09T13:45:00Z,2019-12-09T18:00:00Z
1055.1,2_AA_SW_7,NA,6.457620246,0.313311286,2019-12-09T13:45:00Z,0,NA,NA,0,Malaise,talya,25/02/2022 13:15,9,NA,NA,NA,Abutia Amegame,1,1055,2019-12-09T18:00:00Z,2019-12-10T00:00:00Z
1055.2,2_AA_SW_7,NA,6.457620246,0.313311286,2019-12-09T13:45:00Z,0,NA,NA,0,Malaise,talya,25/02/2022 13:40,9,NA,NA,NA,Abutia Amegame,2,1055,2019-12-10T00:00:00Z,2019-12-10T06:00:00Z
1055.3,2_AA_SW_7,NA,6.457620246,0.313311286,2019-12-09T13:45:00Z,0,NA,NA,0,Malaise,talya,25/02/2022 14:03,9,NA,NA,NA,Abutia Amegame,3,1055,2019-12-10T06:00:00Z,2019-12-10T12:00:00Z
1055.4,2_AA_SW_7,NA,6.457620246,0.313311286,2019-12-09T13:45:00Z,0,NA,NA,0,Malaise,talya,25/02/2022 14:12,9,NA,NA,NA,Abutia Amegame,4,1055,2019-12-10T12:00:00Z,2019-12-10T13:45:00Z
1066,2_AA_SE_7,Ghana freezer,6.457974306,0.319643141,2019-12-09T14:23:00Z,0,Savannah,09/12/2019,0,Malaise,david,11/02/2020 19:22,9,NA,NA,NA,Abutia Amegame,0,1066,2019-12-09T14:23:00Z,2019-12-09T18:00:00Z
1066.1,2_AA_SE_7,NA,6.457974306,0.319643141,2019-12-09T14:23:00Z,0,NA,NA,0,Malaise,talya,25/02/2022 13:15,9,NA,NA,NA,Abutia Amegame,1,1066,2019-12-09T18:00:00Z,2019-12-10T00:00:00Z
1066.2,2_AA_SE_7,NA,6.457974306,0.319643141,2019-12-09T14:23:00Z,0,NA,NA,0,Malaise,talya,25/02/2022 13:40,9,NA,NA,NA,Abutia Amegame,2,1066,2019-12-10T00:00:00Z,2019-12-10T06:00:00Z
1066.3,2_AA_SE_7,NA,6.457974306,0.319643141,2019-12-09T14:23:00Z,0,NA,NA,0,Malaise,talya,25/02/2022 14:03,9,NA,NA,NA,Abutia Amegame,3,1066,2019-12-10T06:00:00Z,2019-12-10T12:00:00Z
1066.4,2_AA_SE_7,NA,6.457974306,0.319643141,2019-12-09T14:23:00Z,0,NA,NA,0,Malaise,talya,25/02/2022 14:12,9,NA,NA,NA,Abutia Amegame,4,1066,2019-12-10T12:00:00Z,2019-12-10T14:23:00Z
1077,2_MA_SE_7,Ghana freezer,6.207923219,0.442147649,2019-12-11T10:32:00Z,0,Savannah,11/12/2019,0,Malaise,david,14/02/2020 17:13,11,NA,NA,NA,Mafi Agorve,0,1077,2019-12-11T10:32:00Z,2019-12-11T12:00:00Z
1077.1,2_MA_SE_7,NA,6.207923219,0.442147649,2019-12-11T10:32:00Z,0,NA,NA,0,Malaise,talya,25/02/2022 13:20,11,NA,NA,NA,Mafi Agorve,1,1077,2019-12-11T12:00:00Z,2019-12-11T18:00:00Z
1077.2,2_MA_SE_7,NA,6.207923219,0.442147649,2019-12-11T10:32:00Z,0,NA,NA,0,Malaise,talya,25/02/2022 13:45,11,NA,NA,NA,Mafi Agorve,2,1077,2019-12-11T18:00:00Z,2019-12-12T00:00:00Z
1077.3,2_MA_SE_7,NA,6.207923219,0.442147649,2019-12-11T10:32:00Z,0,NA,NA,0,Malaise,talya,25/02/2022 14:08,11,NA,NA,NA,Mafi Agorve,3,1077,2019-12-12T00:00:00Z,2019-12-12T06:00:00Z
1077.4,2_MA_SE_7,NA,6.207923219,0.442147649,2019-12-11T10:32:00Z,0,NA,NA,0,Malaise,talya,25/02/2022 14:17,11,NA,NA,NA,Mafi Agorve,4,1077,2019-12-12T06:00:00Z,2019-12-12T10:32:00Z
1088,2_MA_SW_7,Ghana freezer,6.208040589,0.438427702,2019-12-11T11:05:00Z,0,Savannah,11/12/2019,0,Malaise,david,14/02/2020 17:21,11,NA,NA,NA,Mafi Agorve,0,1088,2019-12-11T11:05:00Z,2019-12-11T12:00:00Z
1088.1,2_MA_SW_7,NA,6.208040589,0.438427702,2019-12-11T11:05:00Z,0,NA,NA,0,Malaise,talya,25/02/2022 13:20,11,NA,NA,NA,Mafi Agorve,1,1088,2019-12-11T12:00:00Z,2019-12-11T18:00:00Z
1088.2,2_MA_SW_7,NA,6.208040589,0.438427702,2019-12-11T11:05:00Z,0,NA,NA,0,Malaise,talya,25/02/2022 13:45,11,NA,NA,NA,Mafi Agorve,2,1088,2019-12-11T18:00:00Z,2019-12-12T00:00:00Z
1088.3,2_MA_SW_7,NA,6.208040589,0.438427702,2019-12-11T11:05:00Z,0,NA,NA,0,Malaise,talya,25/02/2022 14:08,11,NA,NA,NA,Mafi Agorve,3,1088,2019-12-12T00:00:00Z,2019-12-12T06:00:00Z
1088.4,2_MA_SW_7,NA,6.208040589,0.438427702,2019-12-11T11:05:00Z,0,NA,NA,0,Malaise,talya,25/02/2022 14:16,11,NA,NA,NA,Mafi Agorve,4,1088,2019-12-12T06:00:00Z,2019-12-12T11:05:00Z
1099,2_MA_NE_7,Ghana freezer,6.211297639,0.442137119,2019-12-11T11:45:00Z,0,Savannah,11/12/2019,0,Malaise,david,14/02/2020 17:32,11,NA,NA,NA,Mafi Agorve,0,1099,2019-12-11T11:45:00Z,2019-12-11T12:00:00Z
1099.1,2_MA_NE_7,NA,6.211297639,0.442137119,2019-12-11T11:45:00Z,0,NA,NA,0,Malaise,talya,25/02/2022 13:18,11,NA,NA,NA,Mafi Agorve,1,1099,2019-12-11T12:00:00Z,2019-12-11T18:00:00Z
1099.2,2_MA_NE_7,NA,6.211297639,0.442137119,2019-12-11T11:45:00Z,0,NA,NA,0,Malaise,talya,25/02/2022 13:43,11,NA,NA,NA,Mafi Agorve,2,1099,2019-12-11T18:00:00Z,2019-12-12T00:00:00Z
1099.3,2_MA_NE_7,NA,6.211297639,0.442137119,2019-12-11T11:45:00Z,0,NA,NA,0,Malaise,talya,25/02/2022 14:06,11,NA,NA,NA,Mafi Agorve,3,1099,2019-12-12T00:00:00Z,2019-12-12T06:00:00Z
1099.4,2_MA_NE_7,NA,6.211297639,0.442137119,2019-12-11T11:45:00Z,0,NA,NA,0,Malaise,talya,25/02/2022 14:14,11,NA,NA,NA,Mafi Agorve,4,1099,2019-12-12T06:00:00Z,2019-12-12T11:45:00Z
1110,2_MA_NW_7,Ghana freezer,6.211427607,0.437087196,2019-12-11T12:25:00Z,0,Savannah,11/12/2019,0,Malaise,david,14/02/2020 17:48,11,NA,NA,NA,Mafi Agorve,0,1110,2019-12-11T12:25:00Z,2019-12-11T18:00:00Z
1110.1,2_MA_NW_7,NA,6.211427607,0.437087196,2019-12-11T12:25:00Z,0,NA,NA,0,Malaise,talya,25/02/2022 13:18,11,NA,NA,NA,Mafi Agorve,1,1110,2019-12-11T18:00:00Z,2019-12-12T00:00:00Z
1110.2,2_MA_NW_7,NA,6.211427607,0.437087196,2019-12-11T12:25:00Z,0,NA,NA,0,Malaise,talya,25/02/2022 13:42,11,NA,NA,NA,Mafi Agorve,2,1110,2019-12-12T00:00:00Z,2019-12-12T06:00:00Z
1110.3,2_MA_NW_7,NA,6.211427607,0.437087196,2019-12-11T12:25:00Z,0,NA,NA,0,Malaise,talya,25/02/2022 14:06,11,NA,NA,NA,Mafi Agorve,3,1110,2019-12-12T06:00:00Z,2019-12-12T12:00:00Z
1110.4,2_MA_NW_7,NA,6.211427607,0.437087196,2019-12-11T12:25:00Z,0,NA,NA,0,Malaise,talya,25/02/2022 14:14,11,NA,NA,NA,Mafi Agorve,4,1110,2019-12-12T12:00:00Z,2019-12-12T12:25:00Z
1121,2_AA_NW_8,Ghana freezer,6.459458664,0.315385528,2020-01-15T08:39:00Z,0,Savannah,15/01/2020,0,Malaise,david,14/02/2020 11:32,15,NA,NA,NA,Abutia Amegame,0,1121,2020-01-15T08:39:00Z,2020-01-15T12:00:00Z
1121.1,2_AA_NW_8,NA,6.459458664,0.315385528,2020-01-15T08:39:00Z,0,NA,NA,0,Malaise,talya,25/02/2022 13:14,15,NA,NA,NA,Abutia Amegame,1,1121,2020-01-15T12:00:00Z,2020-01-15T18:00:00Z
1121.2,2_AA_NW_8,NA,6.459458664,0.315385528,2020-01-15T08:39:00Z,0,NA,NA,0,Malaise,talya,25/02/2022 13:39,15,NA,NA,NA,Abutia Amegame,2,1121,2020-01-15T18:00:00Z,2020-01-16T00:00:00Z
1121.3,2_AA_NW_8,NA,6.459458664,0.315385528,2020-01-15T08:39:00Z,0,NA,NA,0,Malaise,talya,25/02/2022 14:02,15,NA,NA,NA,Abutia Amegame,3,1121,2020-01-16T00:00:00Z,2020-01-16T06:00:00Z
1121.4,2_AA_NW_8,NA,6.459458664,0.315385528,2020-01-15T08:39:00Z,0,NA,NA,0,Malaise,talya,25/02/2022 14:11,15,NA,NA,NA,Abutia Amegame,4,1121,2020-01-16T06:00:00Z,2020-01-16T08:39:00Z
1131,2_AA_NE_8,Ghana freezer,6.462417254,0.316959951,2020-01-15T09:11:00Z,0,Savannah,15/01/2020,0,Malaise,david,14/02/2020 11:50,15,NA,NA,NA,Abutia Amegame,0,1131,2020-01-15T09:11:00Z,2020-01-15T12:00:00Z
1131.1,2_AA_NE_8,NA,6.462417254,0.316959951,2020-01-15T09:11:00Z,0,NA,NA,0,Malaise,talya,25/02/2022 13:11,15,NA,NA,NA,Abutia Amegame,1,1131,2020-01-15T12:00:00Z,2020-01-15T18:00:00Z
1131.2,2_AA_NE_8,NA,6.462417254,0.316959951,2020-01-15T09:11:00Z,0,NA,NA,0,Malaise,talya,25/02/2022 13:38,15,NA,NA,NA,Abutia Amegame,2,1131,2020-01-15T18:00:00Z,2020-01-16T00:00:00Z
1131.3,2_AA_NE_8,NA,6.462417254,0.316959951,2020-01-15T09:11:00Z,0,NA,NA,0,Malaise,talya,25/02/2022 14:01,15,NA,NA,NA,Abutia Amegame,3,1131,2020-01-16T00:00:00Z,2020-01-16T06:00:00Z
1131.4,2_AA_NE_8,NA,6.462417254,0.316959951,2020-01-15T09:11:00Z,0,NA,NA,0,Malaise,talya,25/02/2022 14:10,15,NA,NA,NA,Abutia Amegame,4,1131,2020-01-16T06:00:00Z,2020-01-16T09:11:00Z
1141,2_AA_SE_8,Ghana freezer,6.45689,0.31757,2020-01-15T09:54:00Z,0,Savannah,15/01/2020,0,Malaise,david,14/02/2020 12:04,15,NA,NA,NA,Abutia Amegame,0,1141,2020-01-15T09:54:00Z,2020-01-15T12:00:00Z
1141.1,2_AA_SE_8,NA,6.45689,0.31757,2020-01-15T09:54:00Z,0,NA,NA,0,Malaise,talya,25/02/2022 13:16,15,NA,NA,NA,Abutia Amegame,1,1141,2020-01-15T12:00:00Z,2020-01-15T18:00:00Z
1141.2,2_AA_SE_8,NA,6.45689,0.31757,2020-01-15T09:54:00Z,0,NA,NA,0,Malaise,talya,25/02/2022 13:41,15,NA,NA,NA,Abutia Amegame,2,1141,2020-01-15T18:00:00Z,2020-01-16T00:00:00Z
1141.3,2_AA_SE_8,NA,6.45689,0.31757,2020-01-15T09:54:00Z,0,NA,NA,0,Malaise,talya,25/02/2022 14:04,15,NA,NA,NA,Abutia Amegame,3,1141,2020-01-16T00:00:00Z,2020-01-16T06:00:00Z
1141.4,2_AA_SE_8,NA,6.45689,0.31757,2020-01-15T09:54:00Z,0,NA,NA,0,Malaise,talya,25/02/2022 14:13,15,NA,NA,NA,Abutia Amegame,4,1141,2020-01-16T06:00:00Z,2020-01-16T09:54:00Z
1151,2_AA_SW_8,Ghana freezer,6.45731,0.31398,2020-01-15T10:18:00Z,0,Savannah,15/01/2020,0,Malaise,david,14/02/2020 12:17,15,NA,NA,NA,Abutia Amegame,0,1151,2020-01-15T10:18:00Z,2020-01-15T12:00:00Z
1151.1,2_AA_SW_8,NA,6.45731,0.31398,2020-01-15T10:18:00Z,0,NA,NA,0,Malaise,talya,25/02/2022 13:16,15,NA,NA,NA,Abutia Amegame,1,1151,2020-01-15T12:00:00Z,2020-01-15T18:00:00Z
1151.2,2_AA_SW_8,NA,6.45731,0.31398,2020-01-15T10:18:00Z,0,NA,NA,0,Malaise,talya,25/02/2022 13:40,15,NA,NA,NA,Abutia Amegame,2,1151,2020-01-15T18:00:00Z,2020-01-16T00:00:00Z
1151.3,2_AA_SW_8,NA,6.45731,0.31398,2020-01-15T10:18:00Z,0,NA,NA,0,Malaise,talya,25/02/2022 14:04,15,NA,NA,NA,Abutia Amegame,3,1151,2020-01-16T00:00:00Z,2020-01-16T06:00:00Z
1151.4,2_AA_SW_8,NA,6.45731,0.31398,2020-01-15T10:18:00Z,0,NA,NA,0,Malaise,talya,25/02/2022 14:12,15,NA,NA,NA,Abutia Amegame,4,1151,2020-01-16T06:00:00Z,2020-01-16T10:18:00Z
1161,2_MA_SE_8,Ghana freezer,6.207720783,0.44382532,2020-01-17T08:28:00Z,0,NA,17/01/2020,0,Malaise,david,12/02/2020 12:41,17,NA,NA,NA,Mafi Agorve,0,1161,2020-01-17T08:28:00Z,2020-01-17T12:00:00Z
1161.1,2_MA_SE_8,NA,6.207720783,0.44382532,2020-01-17T08:28:00Z,0,NA,NA,0,Malaise,talya,25/02/2022 13:20,17,NA,NA,NA,Mafi Agorve,1,1161,2020-01-17T12:00:00Z,2020-01-17T18:00:00Z
1161.2,2_MA_SE_8,NA,6.207720783,0.44382532,2020-01-17T08:28:00Z,0,NA,NA,0,Malaise,talya,25/02/2022 13:45,17,NA,NA,NA,Mafi Agorve,2,1161,2020-01-17T18:00:00Z,2020-01-18T00:00:00Z
1161.3,2_MA_SE_8,NA,6.207720783,0.44382532,2020-01-17T08:28:00Z,0,NA,NA,0,Malaise,talya,25/02/2022 14:08,17,NA,NA,NA,Mafi Agorve,3,1161,2020-01-18T00:00:00Z,2020-01-18T06:00:00Z
1161.4,2_MA_SE_8,NA,6.207720783,0.44382532,2020-01-17T08:28:00Z,0,NA,NA,0,Malaise,talya,25/02/2022 14:17,17,NA,NA,NA,Mafi Agorve,4,1161,2020-01-18T06:00:00Z,2020-01-18T08:28:00Z
1172,2_MA_NE_8,Ghana freezer,6.20959036,0.444569773,2020-01-17T08:53:00Z,0,NA,17/01/2020,0,Malaise,david,12/02/2020 12:50,17,NA,NA,NA,Mafi Agorve,0,1172,2020-01-17T08:53:00Z,2020-01-17T12:00:00Z
1172.1,2_MA_NE_8,NA,6.20959036,0.444569773,2020-01-17T08:53:00Z,0,NA,NA,0,Malaise,talya,25/02/2022 13:19,17,NA,NA,NA,Mafi Agorve,1,1172,2020-01-17T12:00:00Z,2020-01-17T18:00:00Z
1172.2,2_MA_NE_8,NA,6.20959036,0.444569773,2020-01-17T08:53:00Z,0,NA,NA,0,Malaise,talya,25/02/2022 13:44,17,NA,NA,NA,Mafi Agorve,2,1172,2020-01-17T18:00:00Z,2020-01-18T00:00:00Z
1172.3,2_MA_NE_8,NA,6.20959036,0.444569773,2020-01-17T08:53:00Z,0,NA,NA,0,Malaise,talya,25/02/2022 14:07,17,NA,NA,NA,Mafi Agorve,3,1172,2020-01-18T00:00:00Z,2020-01-18T06:00:00Z
1172.4,2_MA_NE_8,NA,6.20959036,0.444569773,2020-01-17T08:53:00Z,0,NA,NA,0,Malaise,talya,25/02/2022 14:15,17,NA,NA,NA,Mafi Agorve,4,1172,2020-01-18T06:00:00Z,2020-01-18T08:53:00Z
1183,2_MA_NW_8,Ghana freezer,6.211423713,0.439553036,2020-01-17T09:15:00Z,0,NA,17/01/2020,0,Malaise,david,12/02/2020 12:58,17,NA,NA,NA,Mafi Agorve,0,1183,2020-01-17T09:15:00Z,2020-01-17T12:00:00Z
1183.1,2_MA_NW_8,NA,6.211423713,0.439553036,2020-01-17T09:15:00Z,0,NA,NA,0,Malaise,talya,25/02/2022 13:18,17,NA,NA,NA,Mafi Agorve,1,1183,2020-01-17T12:00:00Z,2020-01-17T18:00:00Z
1183.2,2_MA_NW_8,NA,6.211423713,0.439553036,2020-01-17T09:15:00Z,0,NA,NA,0,Malaise,talya,25/02/2022 13:42,17,NA,NA,NA,Mafi Agorve,2,1183,2020-01-17T18:00:00Z,2020-01-18T00:00:00Z
1183.3,2_MA_NW_8,NA,6.211423713,0.439553036,2020-01-17T09:15:00Z,0,NA,NA,0,Malaise,talya,25/02/2022 14:06,17,NA,NA,NA,Mafi Agorve,3,1183,2020-01-18T00:00:00Z,2020-01-18T06:00:00Z
1183.4,2_MA_NW_8,NA,6.211423713,0.439553036,2020-01-17T09:15:00Z,0,NA,NA,0,Malaise,talya,25/02/2022 14:14,17,NA,NA,NA,Mafi Agorve,4,1183,2020-01-18T06:00:00Z,2020-01-18T09:15:00Z
1194,2_MA_SW_8,Ghana freezer,6.205928922,0.438772332,2020-01-17T09:59:00Z,0,NA,17/01/2020,0,Malaise,david,12/02/2020 13:39,17,NA,NA,NA,Mafi Agorve,0,1194,2020-01-17T09:59:00Z,2020-01-17T12:00:00Z
1194.1,2_MA_SW_8,NA,6.205928922,0.438772332,2020-01-17T09:59:00Z,0,NA,NA,0,Malaise,talya,25/02/2022 13:21,17,NA,NA,NA,Mafi Agorve,1,1194,2020-01-17T12:00:00Z,2020-01-17T18:00:00Z
1194.2,2_MA_SW_8,NA,6.205928922,0.438772332,2020-01-17T09:59:00Z,0,NA,NA,0,Malaise,talya,25/02/2022 13:45,17,NA,NA,NA,Mafi Agorve,2,1194,2020-01-17T18:00:00Z,2020-01-18T00:00:00Z
1194.3,2_MA_SW_8,NA,6.205928922,0.438772332,2020-01-17T09:59:00Z,0,NA,NA,0,Malaise,talya,25/02/2022 14:08,17,NA,NA,NA,Mafi Agorve,3,1194,2020-01-18T00:00:00Z,2020-01-18T06:00:00Z
1194.4,2_MA_SW_8,NA,6.205928922,0.438772332,2020-01-17T09:59:00Z,0,NA,NA,0,Malaise,talya,25/02/2022 14:17,17,NA,NA,NA,Mafi Agorve,4,1194,2020-01-18T06:00:00Z,2020-01-18T09:59:00Z
1205,2_MA_SW_9,Ghana freezer,6.207668321,0.43985921100000003,2020-02-04T07:32:00Z,0,Savannah,04/02/2020,0,Malaise,david,12/02/2020 14:12,4,NA,NA,NA,Mafi Agorve,0,1205,2020-02-04T07:32:00Z,2020-02-04T12:00:00Z
1205.1,2_MA_SW_9,NA,6.207668321,0.43985921100000003,2020-02-04T07:32:00Z,0,NA,NA,0,Malaise,talya,25/02/2022 13:20,4,NA,NA,NA,Mafi Agorve,1,1205,2020-02-04T12:00:00Z,2020-02-04T18:00:00Z
1205.2,2_MA_SW_9,NA,6.207668321,0.43985921100000003,2020-02-04T07:32:00Z,0,NA,NA,0,Malaise,talya,25/02/2022 13:45,4,NA,NA,NA,Mafi Agorve,2,1205,2020-02-04T18:00:00Z,2020-02-05T00:00:00Z
1205.3,2_MA_SW_9,NA,6.207668321,0.43985921100000003,2020-02-04T07:32:00Z,0,NA,NA,0,Malaise,talya,25/02/2022 14:08,4,NA,NA,NA,Mafi Agorve,3,1205,2020-02-05T00:00:00Z,2020-02-05T06:00:00Z
1205.4,2_MA_SW_9,NA,6.207668321,0.43985921100000003,2020-02-04T07:32:00Z,0,NA,NA,0,Malaise,talya,25/02/2022 14:17,4,NA,NA,NA,Mafi Agorve,4,1205,2020-02-05T06:00:00Z,2020-02-05T07:32:00Z
1216,2_MA_SE_9,Ghana freezer,6.206465095,0.444055484,2020-02-04T07:59:00Z,0,Savannah,04/02/2020,0,Malaise,david,12/02/2020 14:40,4,NA,NA,NA,Mafi Agorve,0,1216,2020-02-04T07:59:00Z,2020-02-04T12:00:00Z
1216.1,2_MA_SE_9,NA,6.206465095,0.444055484,2020-02-04T07:59:00Z,0,NA,NA,0,Malaise,talya,25/02/2022 13:20,4,NA,NA,NA,Mafi Agorve,1,1216,2020-02-04T12:00:00Z,2020-02-04T18:00:00Z
1216.2,2_MA_SE_9,NA,6.206465095,0.444055484,2020-02-04T07:59:00Z,0,NA,NA,0,Malaise,talya,25/02/2022 13:45,4,NA,NA,NA,Mafi Agorve,2,1216,2020-02-04T18:00:00Z,2020-02-05T00:00:00Z
1216.3,2_MA_SE_9,NA,6.206465095,0.444055484,2020-02-04T07:59:00Z,0,NA,NA,0,Malaise,talya,25/02/2022 14:08,4,NA,NA,NA,Mafi Agorve,3,1216,2020-02-05T00:00:00Z,2020-02-05T06:00:00Z
1216.4,2_MA_SE_9,NA,6.206465095,0.444055484,2020-02-04T07:59:00Z,0,NA,NA,0,Malaise,talya,25/02/2022 14:17,4,NA,NA,NA,Mafi Agorve,4,1216,2020-02-05T06:00:00Z,2020-02-05T07:59:00Z
1227,2_MA_NE_9,Ghana freezer,6.213079298,0.442498994,2020-02-04T08:35:00Z,0,Savannah,04/02/2020,0,Malaise,david,13/02/2020 10:46,4,NA,NA,NA,Mafi Agorve,0,1227,2020-02-04T08:35:00Z,2020-02-04T12:00:00Z
1227.1,2_MA_NE_9,NA,6.213079298,0.442498994,2020-02-04T08:35:00Z,0,NA,NA,0,Malaise,talya,25/02/2022 13:17,4,NA,NA,NA,Mafi Agorve,1,1227,2020-02-04T12:00:00Z,2020-02-04T18:00:00Z
1227.2,2_MA_NE_9,NA,6.213079298,0.442498994,2020-02-04T08:35:00Z,0,NA,NA,0,Malaise,talya,25/02/2022 13:42,4,NA,NA,NA,Mafi Agorve,2,1227,2020-02-04T18:00:00Z,2020-02-05T00:00:00Z
1227.3,2_MA_NE_9,NA,6.213079298,0.442498994,2020-02-04T08:35:00Z,0,NA,NA,0,Malaise,talya,25/02/2022 14:05,4,NA,NA,NA,Mafi Agorve,3,1227,2020-02-05T00:00:00Z,2020-02-05T06:00:00Z
1227.4,2_MA_NE_9,NA,6.213079298,0.442498994,2020-02-04T08:35:00Z,0,NA,NA,0,Malaise,talya,25/02/2022 14:14,4,NA,NA,NA,Mafi Agorve,4,1227,2020-02-05T06:00:00Z,2020-02-05T08:35:00Z
1238,2_MA_NW_9,Ghana freezer,6.212918946,0.440533496,2020-02-04T08:58:00Z,0,Savannah,04/02/2020,0,Malaise,david,13/02/2020 11:08,4,NA,NA,NA,Mafi Agorve,0,1238,2020-02-04T08:58:00Z,2020-02-04T12:00:00Z
1238.1,2_MA_NW_9,NA,6.212918946,0.440533496,2020-02-04T08:58:00Z,0,NA,NA,0,Malaise,talya,25/02/2022 13:17,4,NA,NA,NA,Mafi Agorve,1,1238,2020-02-04T12:00:00Z,2020-02-04T18:00:00Z
1238.2,2_MA_NW_9,NA,6.212918946,0.440533496,2020-02-04T08:58:00Z,0,NA,NA,0,Malaise,talya,25/02/2022 13:42,4,NA,NA,NA,Mafi Agorve,2,1238,2020-02-04T18:00:00Z,2020-02-05T00:00:00Z
1238.3,2_MA_NW_9,NA,6.212918946,0.440533496,2020-02-04T08:58:00Z,0,NA,NA,0,Malaise,talya,25/02/2022 14:05,4,NA,NA,NA,Mafi Agorve,3,1238,2020-02-05T00:00:00Z,2020-02-05T06:00:00Z
1238.4,2_MA_NW_9,NA,6.212918946,0.440533496,2020-02-04T08:58:00Z,0,NA,NA,0,Malaise,talya,25/02/2022 14:14,4,NA,NA,NA,Mafi Agorve,4,1238,2020-02-05T06:00:00Z,2020-02-05T08:58:00Z
1249,2_AA_SE_9,Ghana freezer,6.45758,0.31753,2020-02-06T08:07:00Z,0,Savannah,06/02/2020,0,Malaise,david,14/02/2020 12:41,6,NA,NA,NA,Abutia Amegame,0,1249,2020-02-06T08:07:00Z,2020-02-06T12:00:00Z
1249.1,2_AA_SE_9,NA,6.45758,0.31753,2020-02-06T08:07:00Z,0,NA,NA,0,Malaise,talya,25/02/2022 13:15,6,NA,NA,NA,Abutia Amegame,1,1249,2020-02-06T12:00:00Z,2020-02-06T18:00:00Z
1249.2,2_AA_SE_9,NA,6.45758,0.31753,2020-02-06T08:07:00Z,0,NA,NA,0,Malaise,talya,25/02/2022 13:40,6,NA,NA,NA,Abutia Amegame,2,1249,2020-02-06T18:00:00Z,2020-02-07T00:00:00Z
1249.3,2_AA_SE_9,NA,6.45758,0.31753,2020-02-06T08:07:00Z,0,NA,NA,0,Malaise,talya,25/02/2022 14:04,6,NA,NA,NA,Abutia Amegame,3,1249,2020-02-07T00:00:00Z,2020-02-07T06:00:00Z
1249.4,2_AA_SE_9,NA,6.45758,0.31753,2020-02-06T08:07:00Z,0,NA,NA,0,Malaise,talya,25/02/2022 14:12,6,NA,NA,NA,Abutia Amegame,4,1249,2020-02-07T06:00:00Z,2020-02-07T08:07:00Z
1260,2_AA_NE_9,Ghana freezer,6.45828,0.31873,2020-02-06T08:20:00Z,0,Savannah,06/02/2020,0,Malaise,david,14/02/2020 13:00,6,NA,NA,NA,Abutia Amegame,0,1260,2020-02-06T08:20:00Z,2020-02-06T12:00:00Z
1260.1,2_AA_NE_9,NA,6.45828,0.31873,2020-02-06T08:20:00Z,0,NA,NA,0,Malaise,talya,25/02/2022 13:15,6,NA,NA,NA,Abutia Amegame,1,1260,2020-02-06T12:00:00Z,2020-02-06T18:00:00Z
1260.2,2_AA_NE_9,NA,6.45828,0.31873,2020-02-06T08:20:00Z,0,NA,NA,0,Malaise,talya,25/02/2022 13:40,6,NA,NA,NA,Abutia Amegame,2,1260,2020-02-06T18:00:00Z,2020-02-07T00:00:00Z
1260.3,2_AA_NE_9,NA,6.45828,0.31873,2020-02-06T08:20:00Z,0,NA,NA,0,Malaise,talya,25/02/2022 14:03,6,NA,NA,NA,Abutia Amegame,3,1260,2020-02-07T00:00:00Z,2020-02-07T06:00:00Z
1260.4,2_AA_NE_9,NA,6.45828,0.31873,2020-02-06T08:20:00Z,0,NA,NA,0,Malaise,talya,25/02/2022 14:12,6,NA,NA,NA,Abutia Amegame,4,1260,2020-02-07T06:00:00Z,2020-02-07T08:20:00Z
1271,2_AA_NW_9,Ghana freezer,6.461939703,0.314779463,2020-02-06T09:20:00Z,0,Savannah,06/02/2020,0,Malaise,david,14/02/2020 16:46,6,NA,NA,NA,Abutia Amegame,0,1271,2020-02-06T09:20:00Z,2020-02-06T12:00:00Z
1271.1,2_AA_NW_9,NA,6.461939703,0.314779463,2020-02-06T09:20:00Z,0,NA,NA,0,Malaise,talya,25/02/2022 13:14,6,NA,NA,NA,Abutia Amegame,1,1271,2020-02-06T12:00:00Z,2020-02-06T18:00:00Z
1271.2,2_AA_NW_9,NA,6.461939703,0.314779463,2020-02-06T09:20:00Z,0,NA,NA,0,Malaise,talya,25/02/2022 13:38,6,NA,NA,NA,Abutia Amegame,2,1271,2020-02-06T18:00:00Z,2020-02-07T00:00:00Z
1271.3,2_AA_NW_9,NA,6.461939703,0.314779463,2020-02-06T09:20:00Z,0,NA,NA,0,Malaise,talya,25/02/2022 14:01,6,NA,NA,NA,Abutia Amegame,3,1271,2020-02-07T00:00:00Z,2020-02-07T06:00:00Z
1271.4,2_AA_NW_9,NA,6.461939703,0.314779463,2020-02-06T09:20:00Z,0,NA,NA,0,Malaise,talya,25/02/2022 14:10,6,NA,NA,NA,Abutia Amegame,4,1271,2020-02-07T06:00:00Z,2020-02-07T09:20:00Z
1282,2_AA_SW_9,Ghana freezer,6.457324964,0.314919217,2020-02-06T09:53:00Z,0,Savannah,06/02/2020,0,Malaise,david,14/02/2020 16:59,6,NA,NA,NA,Abutia Amegame,0,1282,2020-02-06T09:53:00Z,2020-02-06T12:00:00Z
1282.1,2_AA_SW_9,NA,6.457324964,0.314919217,2020-02-06T09:53:00Z,0,NA,NA,0,Malaise,talya,25/02/2022 13:16,6,NA,NA,NA,Abutia Amegame,1,1282,2020-02-06T12:00:00Z,2020-02-06T18:00:00Z
1282.2,2_AA_SW_9,NA,6.457324964,0.314919217,2020-02-06T09:53:00Z,0,NA,NA,0,Malaise,talya,25/02/2022 13:40,6,NA,NA,NA,Abutia Amegame,2,1282,2020-02-06T18:00:00Z,2020-02-07T00:00:00Z
1282.3,2_AA_SW_9,NA,6.457324964,0.314919217,2020-02-06T09:53:00Z,0,NA,NA,0,Malaise,talya,25/02/2022 14:04,6,NA,NA,NA,Abutia Amegame,3,1282,2020-02-07T00:00:00Z,2020-02-07T06:00:00Z
1282.4,2_AA_SW_9,NA,6.457324964,0.314919217,2020-02-06T09:53:00Z,0,NA,NA,0,Malaise,talya,25/02/2022 14:12,6,NA,NA,NA,Abutia Amegame,4,1282,2020-02-07T06:00:00Z,2020-02-07T09:53:00Z
1293,2_AA_NE_10,Ghana freezer,6.45893,0.31714,2020-03-03T07:48:00Z,0,NA,NA,0,Malaise,talya,09/03/2020 18:11,3,NA,NA,NA,Abutia Amegame,0,1293,2020-03-03T07:48:00Z,2020-03-03T12:00:00Z
1293.1,2_AA_NE_10,NA,6.45893,0.31714,2020-03-03T07:48:00Z,0,NA,NA,0,Malaise,talya,25/02/2022 13:15,3,NA,NA,NA,Abutia Amegame,1,1293,2020-03-03T12:00:00Z,2020-03-03T18:00:00Z
1293.2,2_AA_NE_10,NA,6.45893,0.31714,2020-03-03T07:48:00Z,0,NA,NA,0,Malaise,talya,25/02/2022 13:39,3,NA,NA,NA,Abutia Amegame,2,1293,2020-03-03T18:00:00Z,2020-03-04T00:00:00Z
1293.3,2_AA_NE_10,NA,6.45893,0.31714,2020-03-03T07:48:00Z,0,NA,NA,0,Malaise,talya,25/02/2022 14:03,3,NA,NA,NA,Abutia Amegame,3,1293,2020-03-04T00:00:00Z,2020-03-04T06:00:00Z
1293.4,2_AA_NE_10,NA,6.45893,0.31714,2020-03-03T07:48:00Z,0,NA,NA,0,Malaise,talya,25/02/2022 14:11,3,NA,NA,NA,Abutia Amegame,4,1293,2020-03-04T06:00:00Z,2020-03-04T07:48:00Z
1304,2_AA_NW_10,Ghana freezer,6.45947,0.31496,2020-03-03T08:21:00Z,0,NA,NA,0,Malaise,talya,09/03/2020 18:16,3,NA,NA,NA,Abutia Amegame,0,1304,2020-03-03T08:21:00Z,2020-03-03T12:00:00Z
1304.1,2_AA_NW_10,NA,6.45947,0.31496,2020-03-03T08:21:00Z,0,NA,NA,0,Malaise,talya,25/02/2022 13:14,3,NA,NA,NA,Abutia Amegame,1,1304,2020-03-03T12:00:00Z,2020-03-03T18:00:00Z
1304.2,2_AA_NW_10,NA,6.45947,0.31496,2020-03-03T08:21:00Z,0,NA,NA,0,Malaise,talya,25/02/2022 13:39,3,NA,NA,NA,Abutia Amegame,2,1304,2020-03-03T18:00:00Z,2020-03-04T00:00:00Z
1304.3,2_AA_NW_10,NA,6.45947,0.31496,2020-03-03T08:21:00Z,0,NA,NA,0,Malaise,talya,25/02/2022 14:02,3,NA,NA,NA,Abutia Amegame,3,1304,2020-03-04T00:00:00Z,2020-03-04T06:00:00Z
1304.4,2_AA_NW_10,NA,6.45947,0.31496,2020-03-03T08:21:00Z,0,NA,NA,0,Malaise,talya,25/02/2022 14:11,3,NA,NA,NA,Abutia Amegame,4,1304,2020-03-04T06:00:00Z,2020-03-04T08:21:00Z
1315,2_AA_SE_10,Ghana freezer,6.4568,0.31808,2020-03-03T09:14:00Z,0,NA,NA,0,Malaise,talya,09/03/2020 17:57,3,NA,NA,NA,Abutia Amegame,0,1315,2020-03-03T09:14:00Z,2020-03-03T12:00:00Z
1315.1,2_AA_SE_10,NA,6.4568,0.31808,2020-03-03T09:14:00Z,0,NA,NA,0,Malaise,talya,25/02/2022 13:16,3,NA,NA,NA,Abutia Amegame,1,1315,2020-03-03T12:00:00Z,2020-03-03T18:00:00Z
1315.2,2_AA_SE_10,NA,6.4568,0.31808,2020-03-03T09:14:00Z,0,NA,NA,0,Malaise,talya,25/02/2022 13:41,3,NA,NA,NA,Abutia Amegame,2,1315,2020-03-03T18:00:00Z,2020-03-04T00:00:00Z
1315.3,2_AA_SE_10,NA,6.4568,0.31808,2020-03-03T09:14:00Z,0,NA,NA,0,Malaise,talya,25/02/2022 14:04,3,NA,NA,NA,Abutia Amegame,3,1315,2020-03-04T00:00:00Z,2020-03-04T06:00:00Z
1315.4,2_AA_SE_10,NA,6.4568,0.31808,2020-03-03T09:14:00Z,0,NA,NA,0,Malaise,talya,25/02/2022 14:13,3,NA,NA,NA,Abutia Amegame,4,1315,2020-03-04T06:00:00Z,2020-03-04T09:14:00Z
1326,2_AA_SW_10,Ghana freezer,6.4562,0.31598,2020-02-03T09:46:00Z,0,NA,NA,0,Malaise,talya,09/03/2020 17:49,3,NA,NA,NA,Abutia Amegame,0,1326,2020-02-03T09:46:00Z,2020-02-03T12:00:00Z
1326.1,2_AA_SW_10,NA,6.4562,0.31598,2020-02-03T09:46:00Z,0,NA,NA,0,Malaise,talya,25/02/2022 13:16,3,NA,NA,NA,Abutia Amegame,1,1326,2020-02-03T12:00:00Z,2020-02-03T18:00:00Z
1326.2,2_AA_SW_10,NA,6.4562,0.31598,2020-02-03T09:46:00Z,0,NA,NA,0,Malaise,talya,25/02/2022 13:41,3,NA,NA,NA,Abutia Amegame,2,1326,2020-02-03T18:00:00Z,2020-02-04T00:00:00Z
1326.3,2_AA_SW_10,NA,6.4562,0.31598,2020-02-03T09:46:00Z,0,NA,NA,0,Malaise,talya,25/02/2022 14:04,3,NA,NA,NA,Abutia Amegame,3,1326,2020-02-04T00:00:00Z,2020-02-04T06:00:00Z
1326.4,2_AA_SW_10,NA,6.4562,0.31598,2020-02-03T09:46:00Z,0,NA,NA,0,Malaise,talya,25/02/2022 14:13,3,NA,NA,NA,Abutia Amegame,4,1326,2020-02-04T06:00:00Z,2020-02-04T09:46:00Z
1337,2_MA_SE_10,Ghana freezer,6.20836,0.44862,2020-03-05T08:00:00Z,0,NA,NA,0,Malaise,talya,09/03/2020 17:08,5,NA,NA,NA,Mafi Agorve,0,1337,2020-03-05T08:00:00Z,2020-03-05T12:00:00Z
1337.1,2_MA_SE_10,NA,6.20836,0.44862,2020-03-05T08:00:00Z,0,NA,NA,0,Malaise,talya,25/02/2022 13:19,5,NA,NA,NA,Mafi Agorve,1,1337,2020-03-05T12:00:00Z,2020-03-05T18:00:00Z
1337.2,2_MA_SE_10,NA,6.20836,0.44862,2020-03-05T08:00:00Z,0,NA,NA,0,Malaise,talya,25/02/2022 13:44,5,NA,NA,NA,Mafi Agorve,2,1337,2020-03-05T18:00:00Z,2020-03-06T00:00:00Z
1337.3,2_MA_SE_10,NA,6.20836,0.44862,2020-03-05T08:00:00Z,0,NA,NA,0,Malaise,talya,25/02/2022 14:07,5,NA,NA,NA,Mafi Agorve,3,1337,2020-03-06T00:00:00Z,2020-03-06T06:00:00Z
1337.4,2_MA_SE_10,NA,6.20836,0.44862,2020-03-05T08:00:00Z,0,NA,NA,0,Malaise,talya,25/02/2022 14:16,5,NA,NA,NA,Mafi Agorve,4,1337,2020-03-06T06:00:00Z,2020-03-06T08:00:00Z
1348,2_MA_SW_10,Ghana freezer,6.20882,0.43828,2020-03-05T09:05:00Z,0,NA,NA,0,Malaise,talya,09/03/2020 17:27,5,NA,NA,NA,Mafi Agorve,0,1348,2020-03-05T09:05:00Z,2020-03-05T12:00:00Z
1348.1,2_MA_SW_10,NA,6.20882,0.43828,2020-03-05T09:05:00Z,0,NA,NA,0,Malaise,talya,25/02/2022 13:19,5,NA,NA,NA,Mafi Agorve,1,1348,2020-03-05T12:00:00Z,2020-03-05T18:00:00Z
1348.2,2_MA_SW_10,NA,6.20882,0.43828,2020-03-05T09:05:00Z,0,NA,NA,0,Malaise,talya,25/02/2022 13:44,5,NA,NA,NA,Mafi Agorve,2,1348,2020-03-05T18:00:00Z,2020-03-06T00:00:00Z
1348.3,2_MA_SW_10,NA,6.20882,0.43828,2020-03-05T09:05:00Z,0,NA,NA,0,Malaise,talya,25/02/2022 14:07,5,NA,NA,NA,Mafi Agorve,3,1348,2020-03-06T00:00:00Z,2020-03-06T06:00:00Z
1348.4,2_MA_SW_10,NA,6.20882,0.43828,2020-03-05T09:05:00Z,0,NA,NA,0,Malaise,talya,25/02/2022 14:16,5,NA,NA,NA,Mafi Agorve,4,1348,2020-03-06T06:00:00Z,2020-03-06T09:05:00Z
1359,2_MA_NW_10,Ghana freezer,6.21073,0.43687,2020-03-05T09:40:00Z,0,NA,NA,0,Malaise,talya,09/03/2020 17:36,5,NA,NA,NA,Mafi Agorve,0,1359,2020-03-05T09:40:00Z,2020-03-05T12:00:00Z
1359.1,2_MA_NW_10,NA,6.21073,0.43687,2020-03-05T09:40:00Z,0,NA,NA,0,Malaise,talya,25/02/2022 13:18,5,NA,NA,NA,Mafi Agorve,1,1359,2020-03-05T12:00:00Z,2020-03-05T18:00:00Z
1359.2,2_MA_NW_10,NA,6.21073,0.43687,2020-03-05T09:40:00Z,0,NA,NA,0,Malaise,talya,25/02/2022 13:43,5,NA,NA,NA,Mafi Agorve,2,1359,2020-03-05T18:00:00Z,2020-03-06T00:00:00Z
1359.3,2_MA_NW_10,NA,6.21073,0.43687,2020-03-05T09:40:00Z,0,NA,NA,0,Malaise,talya,25/02/2022 14:06,5,NA,NA,NA,Mafi Agorve,3,1359,2020-03-06T00:00:00Z,2020-03-06T06:00:00Z
1359.4,2_MA_NW_10,NA,6.21073,0.43687,2020-03-05T09:40:00Z,0,NA,NA,0,Malaise,talya,25/02/2022 14:15,5,NA,NA,NA,Mafi Agorve,4,1359,2020-03-06T06:00:00Z,2020-03-06T09:40:00Z
1370,2_MA_NE_10,Ghana freezer,6.21058,0.44411,2020-03-05T08:26:00Z,0,NA,NA,0,Malaise,talya,09/03/2020 17:41,5,NA,NA,NA,Mafi Agorve,0,1370,2020-03-05T08:26:00Z,2020-03-05T12:00:00Z
1370.1,2_MA_NE_10,NA,6.21058,0.44411,2020-03-05T08:26:00Z,0,NA,NA,0,Malaise,talya,25/02/2022 13:18,5,NA,NA,NA,Mafi Agorve,1,1370,2020-03-05T12:00:00Z,2020-03-05T18:00:00Z
1370.2,2_MA_NE_10,NA,6.21058,0.44411,2020-03-05T08:26:00Z,0,NA,NA,0,Malaise,talya,25/02/2022 13:43,5,NA,NA,NA,Mafi Agorve,2,1370,2020-03-05T18:00:00Z,2020-03-06T00:00:00Z
1370.3,2_MA_NE_10,NA,6.21058,0.44411,2020-03-05T08:26:00Z,0,NA,NA,0,Malaise,talya,25/02/2022 14:06,5,NA,NA,NA,Mafi Agorve,3,1370,2020-03-06T00:00:00Z,2020-03-06T06:00:00Z
1370.4,2_MA_NE_10,NA,6.21058,0.44411,2020-03-05T08:26:00Z,0,NA,NA,0,Malaise,talya,25/02/2022 14:15,5,NA,NA,NA,Mafi Agorve,4,1370,2020-03-06T06:00:00Z,2020-03-06T08:26:00Z
1393,2_AA_NW_20,Ghana freezer,6.45907,0.3141,2021-04-20T00:00:00Z,0,Savannah,21/04/2021,0,Malaise,donkoryaw,21/05/2021 09:34,NA,NA,NA,NA,Abutia Amegame,0,1393,NA,NA
1393.1,2_AA_NW_20,NA,6.45907,0.3141,2021-04-20T00:00:00Z,0,Savannah,NA,0,Malaise,talya,28/02/2022 13:47,20,NA,NA,NA,Abutia Amegame,1,1393,NA,NA
1393.2,2_AA_NW_20,NA,6.45907,0.3141,2021-04-20T00:00:00Z,0,Savannah,NA,0,Malaise,talya,28/02/2022 13:49,20,NA,NA,NA,Abutia Amegame,2,1393,NA,NA
1393.3,2_AA_NW_20,NA,6.45907,0.3141,2021-04-20T00:00:00Z,0,Savannah,NA,0,Malaise,talya,28/02/2022 13:50,20,NA,NA,NA,Abutia Amegame,3,1393,NA,NA
1393.4,2_AA_NW_20,NA,6.45907,0.3141,2021-04-20T00:00:00Z,0,Savannah,NA,0,Malaise,talya,28/02/2022 13:51,20,NA,NA,NA,Abutia Amegame,4,1393,NA,NA
1404,2_AA_SW_20,Ghana freezer,6.45633,0.3126,2021-04-20T00:00:00Z,0,Savannah,21/04/2021,0,Malaise,donkoryaw,21/05/2021 10:26,NA,NA,NA,NA,Abutia Amegame,0,1404,NA,NA
1404.1,2_AA_SW_20,NA,6.45633,0.3126,2021-04-20T00:00:00Z,0,Savannah,NA,0,Malaise,talya,28/02/2022 13:47,20,NA,NA,NA,Abutia Amegame,1,1404,NA,NA
1404.2,2_AA_SW_20,NA,6.45633,0.3126,2021-04-20T00:00:00Z,0,Savannah,NA,0,Malaise,talya,28/02/2022 13:50,20,NA,NA,NA,Abutia Amegame,2,1404,NA,NA
1404.3,2_AA_SW_20,NA,6.45633,0.3126,2021-04-20T00:00:00Z,0,Savannah,NA,0,Malaise,talya,28/02/2022 13:50,20,NA,NA,NA,Abutia Amegame,3,1404,NA,NA
1404.4,2_AA_SW_20,NA,6.45633,0.3126,2021-04-20T00:00:00Z,0,Savannah,NA,0,Malaise,talya,28/02/2022 13:51,20,NA,NA,NA,Abutia Amegame,4,1404,NA,NA
1415,2_MA_NE_20,Ghana freezer,6.45854,0.31859,2021-04-20T00:00:00Z,0,Savannah,21/04/2021,0,Malaise,donkoryaw,21/05/2021 14:00,20,NA,NA,NA,Abutia Amegame,0,1415,NA,NA
1415.1,2_MA_NE_20,NA,6.45854,0.31859,2021-04-22T00:00:00Z,0,Savannah,NA,0,Malaise,talya,28/02/2022 13:47,22,NA,NA,NA,Mafi Agorve,1,1415,NA,NA
1415.2,2_MA_NE_20,NA,6.45854,0.31859,2021-04-22T00:00:00Z,0,Savannah,NA,0,Malaise,talya,28/02/2022 13:50,22,NA,NA,NA,Mafi Agorve,2,1415,NA,NA
1415.3,2_MA_NE_20,NA,6.45854,0.31859,2021-04-22T00:00:00Z,0,Savannah,NA,0,Malaise,talya,28/02/2022 13:50,22,NA,NA,NA,Mafi Agorve,3,1415,NA,NA
1415.4,2_MA_NE_20,NA,6.45854,0.31859,2021-04-22T00:00:00Z,0,Savannah,NA,0,Malaise,talya,28/02/2022 13:51,22,NA,NA,NA,Mafi Agorve,4,1415,NA,NA
1426,2_AA_SE_20,Ghana freezer,6.45777,0.31764,2021-04-20T00:00:00Z,0,Savannah,21/04/2021,0,Malaise,donkoryaw,01/06/2021 12:53,NA,NA,NA,NA,Abutia Amegame,0,1426,NA,NA
1426.1,2_AA_SE_20,NA,6.45777,0.31764,2021-04-20T00:00:00Z,0,Savannah,NA,0,Malaise,talya,28/02/2022 13:47,20,NA,NA,NA,Abutia Amegame,1,1426,NA,NA
1426.2,2_AA_SE_20,NA,6.45777,0.31764,2021-04-20T00:00:00Z,0,Savannah,NA,0,Malaise,talya,28/02/2022 13:50,20,NA,NA,NA,Abutia Amegame,2,1426,NA,NA
1426.3,2_AA_SE_20,NA,6.45777,0.31764,2021-04-20T00:00:00Z,0,Savannah,NA,0,Malaise,talya,28/02/2022 13:51,20,NA,NA,NA,Abutia Amegame,3,1426,NA,NA
1426.4,2_AA_SE_20,NA,6.45777,0.31764,2021-04-20T00:00:00Z,0,Savannah,NA,0,Malaise,talya,28/02/2022 13:51,20,NA,NA,NA,Abutia Amegame,4,1426,NA,NA
1437,2_MA_SE_20,Ghana freezer,6.20646,0.4416,2021-04-22T00:00:00Z,0,Savannah,23/04/2021,0,Malaise,donkoryaw,02/06/2021 11:37,NA,NA,NA,NA,Mafi Agorve,0,1437,NA,NA
1437.1,2_MA_SE_20,NA,6.20646,0.4416,2021-04-22T00:00:00Z,0,Savannah,NA,0,Malaise,talya,28/02/2022 13:47,22,NA,NA,NA,Mafi Agorve,1,1437,NA,NA
1437.2,2_MA_SE_20,NA,6.20646,0.4416,2021-04-22T00:00:00Z,0,Savannah,NA,0,Malaise,talya,28/02/2022 13:50,22,NA,NA,NA,Mafi Agorve,2,1437,NA,NA
1437.3,2_MA_SE_20,NA,6.20646,0.4416,2021-04-22T00:00:00Z,0,Savannah,NA,0,Malaise,talya,28/02/2022 13:51,22,NA,NA,NA,Mafi Agorve,3,1437,NA,NA
1437.4,2_MA_SE_20,NA,6.20646,0.4416,2021-04-22T00:00:00Z,0,Savannah,NA,0,Malaise,talya,28/02/2022 13:51,22,NA,NA,NA,Mafi Agorve,4,1437,NA,NA
1448,2_MA_SW_20,Ghana freezer,6.20665,0.43873,2021-04-22T00:00:00Z,0,Savannah,23/04/2021,0,Malaise,donkoryaw,02/06/2021 12:03,NA,NA,NA,NA,Mafi Agorve,0,1448,NA,NA
1448.1,2_MA_SW_20,NA,6.20665,0.43873,2021-04-22T00:00:00Z,0,Savannah,NA,0,Malaise,talya,28/02/2022 13:48,22,NA,NA,NA,Mafi Agorve,1,1448,NA,NA
1448.2,2_MA_SW_20,NA,6.20665,0.43873,2021-04-22T00:00:00Z,0,Savannah,NA,0,Malaise,talya,28/02/2022 13:50,22,NA,NA,NA,Mafi Agorve,2,1448,NA,NA
1448.3,2_MA_SW_20,NA,6.20665,0.43873,2021-04-22T00:00:00Z,0,Savannah,NA,0,Malaise,talya,28/02/2022 13:51,22,NA,NA,NA,Mafi Agorve,3,1448,NA,NA
1448.4,2_MA_SW_20,NA,6.20665,0.43873,2021-04-22T00:00:00Z,0,Savannah,NA,0,Malaise,talya,28/02/2022 13:51,22,NA,NA,NA,Mafi Agorve,4,1448,NA,NA
1459,2_MA_NE_20,Ghana freezer,6.21307,0.44377,2021-04-22T00:00:00Z,0,Savannah,23/04/2021,0,Malaise,donkoryaw,02/06/2021 12:27,22,NA,NA,NA,Mafi Agorve,0,1459,NA,NA
1459.1,2_MA_NE_20,NA,6.21307,0.44377,2021-04-22T00:00:00Z,0,Savannah,NA,0,Malaise,talya,28/02/2022 13:48,22,NA,NA,NA,Mafi Agorve,1,1459,NA,NA
1459.2,2_MA_NE_20,NA,6.21307,0.44377,2021-04-22T00:00:00Z,0,Savannah,NA,0,Malaise,talya,28/02/2022 13:50,22,NA,NA,NA,Mafi Agorve,2,1459,NA,NA
1459.3,2_MA_NE_20,NA,6.21307,0.44377,2021-04-22T00:00:00Z,0,Savannah,NA,0,Malaise,talya,28/02/2022 13:51,22,NA,NA,NA,Mafi Agorve,3,1459,NA,NA
1459.4,2_MA_NE_20,NA,6.21307,0.44377,2021-04-22T00:00:00Z,0,Savannah,NA,0,Malaise,talya,28/02/2022 13:52,22,NA,NA,NA,Mafi Agorve,4,1459,NA,NA
1470,2_MA_NW_20,Ghana freezer,6.21075,0.43786,2021-04-22T00:00:00Z,0,Savannah,23/04/2021,0,Malaise,donkoryaw,02/06/2021 15:25,NA,NA,NA,NA,Mafi Agorve,0,1470,NA,NA
1470.1,2_MA_NW_20,NA,6.21075,0.43786,2021-04-22T00:00:00Z,0,Savannah,NA,0,Malaise,talya,28/02/2022 13:48,22,NA,NA,NA,Mafi Agorve,1,1470,NA,NA
1470.2,2_MA_NW_20,NA,6.21075,0.43786,2021-04-22T00:00:00Z,0,Savannah,NA,0,Malaise,talya,28/02/2022 13:50,22,NA,NA,NA,Mafi Agorve,2,1470,NA,NA
1470.3,2_MA_NW_20,NA,6.21075,0.43786,2021-04-22T00:00:00Z,0,Savannah,NA,0,Malaise,talya,28/02/2022 13:51,22,NA,NA,NA,Mafi Agorve,3,1470,NA,NA
1470.4,2_MA_NW_20,NA,6.21075,0.43786,2021-04-22T00:00:00Z,0,Savannah,NA,0,Malaise,talya,28/02/2022 13:52,22,NA,NA,NA,Mafi Agorve,4,1470,NA,NA
1481,2_AA_NE_21,Ghana freezer,6.46031,0.31916,2021-05-25T00:00:00Z,0,Savannah,02/07/2021,0,Malaise,naana,02/07/2021 11:26,25,NA,NA,NA,Abutia Amegame,0,1481,NA,NA
1481.1,2_AA_NE_21,NA,6.46031,0.31916,2021-05-25T00:00:00Z,0,Savannah,NA,0,Malaise,talya,25/02/2022 13:14,25,NA,NA,NA,Abutia Amegame,1,1481,NA,NA
1481.2,2_AA_NE_21,NA,6.46031,0.31916,2021-05-25T00:00:00Z,0,Savannah,NA,0,Malaise,talya,25/02/2022 13:39,25,NA,NA,NA,Abutia Amegame,2,1481,NA,NA
1481.3,2_AA_NE_21,NA,6.46031,0.31916,2021-05-25T00:00:00Z,0,Savannah,NA,0,Malaise,talya,25/02/2022 14:02,25,NA,NA,NA,Abutia Amegame,3,1481,NA,NA
1481.4,2_AA_NE_21,NA,6.46031,0.31916,2021-05-25T00:00:00Z,0,Savannah,NA,0,Malaise,talya,25/02/2022 14:11,25,NA,NA,NA,Abutia Amegame,4,1481,NA,NA
1492,2_AA_NW_21,Ghana freezer,6.45845,0.31566,2021-05-25T00:00:00Z,0,Savannah,02/07/2021,0,Malaise,naana,02/07/2021 11:52,25,NA,NA,NA,Abutia Amegame,0,1492,NA,NA
1492.1,2_AA_NW_21,NA,6.45845,0.31566,2021-05-25T00:00:00Z,0,Savannah,NA,0,Malaise,talya,25/02/2022 13:15,25,NA,NA,NA,Abutia Amegame,1,1492,NA,NA
1492.2,2_AA_NW_21,NA,6.45845,0.31566,2021-05-25T00:00:00Z,0,Savannah,NA,0,Malaise,talya,25/02/2022 13:40,25,NA,NA,NA,Abutia Amegame,2,1492,NA,NA
1492.3,2_AA_NW_21,NA,6.45845,0.31566,2021-05-25T00:00:00Z,0,Savannah,NA,0,Malaise,talya,25/02/2022 14:03,25,NA,NA,NA,Abutia Amegame,3,1492,NA,NA
1492.4,2_AA_NW_21,NA,6.45845,0.31566,2021-05-25T00:00:00Z,0,Savannah,NA,0,Malaise,talya,25/02/2022 14:12,25,NA,NA,NA,Abutia Amegame,4,1492,NA,NA
1503,2_AA_SE_21,Ghana freezer,6.45572,0.31929,2021-05-25T00:00:00Z,0,Savannah,02/07/2021,0,Malaise,naana,02/07/2021 15:21,25,NA,NA,NA,Abutia Amegame,0,1503,NA,NA
1503.1,2_AA_SE_21,NA,6.45572,0.31929,2021-05-25T00:00:00Z,0,Savannah,NA,0,Malaise,talya,25/02/2022 13:17,25,NA,NA,NA,Abutia Amegame,1,1503,NA,NA
1503.2,2_AA_SE_21,NA,6.45572,0.31929,2021-05-25T00:00:00Z,0,Savannah,NA,0,Malaise,talya,25/02/2022 13:41,25,NA,NA,NA,Abutia Amegame,2,1503,NA,NA
1503.3,2_AA_SE_21,NA,6.45572,0.31929,2021-05-25T00:00:00Z,0,Savannah,NA,0,Malaise,talya,25/02/2022 14:05,25,NA,NA,NA,Abutia Amegame,3,1503,NA,NA
1503.4,2_AA_SE_21,NA,6.45572,0.31929,2021-05-25T00:00:00Z,0,Savannah,NA,0,Malaise,talya,25/02/2022 14:13,25,NA,NA,NA,Abutia Amegame,4,1503,NA,NA
1514,2_AA_SW_21,Ghana freezer,6.45648,0.31455,2021-05-25T00:00:00Z,0,Savannah,26/05/2021,0,Malaise,donkoryaw,05/07/2021 11:12,25,NA,NA,NA,Abutia Amegame,0,1514,NA,NA
1514.1,2_AA_SW_21,NA,6.45648,0.31455,2021-05-25T00:00:00Z,0,Savannah,NA,0,Malaise,talya,25/02/2022 13:16,25,NA,NA,NA,Abutia Amegame,1,1514,NA,NA
1514.2,2_AA_SW_21,NA,6.45648,0.31455,2021-05-25T00:00:00Z,0,Savannah,NA,0,Malaise,talya,25/02/2022 13:41,25,NA,NA,NA,Abutia Amegame,2,1514,NA,NA
1514.3,2_AA_SW_21,NA,6.45648,0.31455,2021-05-25T00:00:00Z,0,Savannah,NA,0,Malaise,talya,25/02/2022 14:04,25,NA,NA,NA,Abutia Amegame,3,1514,NA,NA
1514.4,2_AA_SW_21,NA,6.45648,0.31455,2021-05-25T00:00:00Z,0,Savannah,NA,0,Malaise,talya,25/02/2022 14:13,25,NA,NA,NA,Abutia Amegame,4,1514,NA,NA
1525,2_MA_SW_21,Ghana freezer,6.20707,0.44038,2021-05-27T00:00:00Z,0,Savannah,01/07/2021,0,Malaise,naana,01/07/2021 14:56,27,NA,NA,NA,Mafi Agorve,0,1525,NA,NA
1525.1,2_MA_SW_21,NA,6.20707,0.44038,2021-05-27T00:00:00Z,0,Savannah,NA,0,Malaise,talya,25/02/2022 13:20,27,NA,NA,NA,Mafi Agorve,1,1525,NA,NA
1525.2,2_MA_SW_21,NA,6.20707,0.44038,2021-05-27T00:00:00Z,0,Savannah,NA,0,Malaise,talya,25/02/2022 13:45,27,NA,NA,NA,Mafi Agorve,2,1525,NA,NA
1525.3,2_MA_SW_21,NA,6.20707,0.44038,2021-05-27T00:00:00Z,0,Savannah,NA,0,Malaise,talya,25/02/2022 14:08,27,NA,NA,NA,Mafi Agorve,3,1525,NA,NA
1525.4,2_MA_SW_21,NA,6.20707,0.44038,2021-05-27T00:00:00Z,0,Savannah,NA,0,Malaise,talya,25/02/2022 14:17,27,NA,NA,NA,Mafi Agorve,4,1525,NA,NA
1536,2_MA_SE_21,Ghana freezer,6.20951,0.4444,2021-05-27T00:00:00Z,0,Savannah,01/07/2021,0,Malaise,naana,01/07/2021 15:11,27,NA,NA,NA,Mafi Agorve,0,1536,NA,NA
1536.1,2_MA_SE_21,NA,6.20951,0.4444,2021-05-27T00:00:00Z,0,Savannah,NA,0,Malaise,talya,25/02/2022 13:19,27,NA,NA,NA,Mafi Agorve,1,1536,NA,NA
1536.2,2_MA_SE_21,NA,6.20951,0.4444,2021-05-27T00:00:00Z,0,Savannah,NA,0,Malaise,talya,25/02/2022 13:44,27,NA,NA,NA,Mafi Agorve,2,1536,NA,NA
1536.3,2_MA_SE_21,NA,6.20951,0.4444,2021-05-27T00:00:00Z,0,Savannah,NA,0,Malaise,talya,25/02/2022 14:07,27,NA,NA,NA,Mafi Agorve,3,1536,NA,NA
1536.4,2_MA_SE_21,NA,6.20951,0.4444,2021-05-27T00:00:00Z,0,Savannah,NA,0,Malaise,talya,25/02/2022 14:15,27,NA,NA,NA,Mafi Agorve,4,1536,NA,NA
1547,2_MA_NE_21,Ghana freezer,6.21176,0.44467,2021-05-27T00:00:00Z,0,Savannah,01/07/2021,0,Malaise,naana,01/07/2021 15:24,27,NA,NA,NA,Mafi Agorve,0,1547,NA,NA
1547.1,2_MA_NE_21,NA,6.21176,0.44467,2021-05-27T00:00:00Z,0,Savannah,NA,0,Malaise,talya,25/02/2022 13:18,27,NA,NA,NA,Mafi Agorve,1,1547,NA,NA
1547.2,2_MA_NE_21,NA,6.21176,0.44467,2021-05-27T00:00:00Z,0,Savannah,NA,0,Malaise,talya,25/02/2022 13:42,27,NA,NA,NA,Mafi Agorve,2,1547,NA,NA
1547.3,2_MA_NE_21,NA,6.21176,0.44467,2021-05-27T00:00:00Z,0,Savannah,NA,0,Malaise,talya,25/02/2022 14:06,27,NA,NA,NA,Mafi Agorve,3,1547,NA,NA
1547.4,2_MA_NE_21,NA,6.21176,0.44467,2021-05-27T00:00:00Z,0,Savannah,NA,0,Malaise,talya,25/02/2022 14:14,27,NA,NA,NA,Mafi Agorve,4,1547,NA,NA
1557,2_MA_NW_21,Ghana freezer,6.21306,0.44058,2021-05-27T00:00:00Z,0,Savannah,01/07/2021,0,Malaise,naana,01/07/2021 15:39,27,NA,NA,NA,Mafi Agorve,0,1557,NA,NA
1557.1,2_MA_NW_21,NA,6.21306,0.44058,2021-05-27T00:00:00Z,0,Savannah,NA,0,Malaise,talya,25/02/2022 13:17,27,NA,NA,NA,Mafi Agorve,1,1557,NA,NA
1557.2,2_MA_NW_21,NA,6.21306,0.44058,2021-05-27T00:00:00Z,0,Savannah,NA,0,Malaise,talya,25/02/2022 13:42,27,NA,NA,NA,Mafi Agorve,2,1557,NA,NA
1557.3,2_MA_NW_21,NA,6.21306,0.44058,2021-05-27T00:00:00Z,0,Savannah,NA,0,Malaise,talya,25/02/2022 14:05,27,NA,NA,NA,Mafi Agorve,3,1557,NA,NA
1557.4,2_MA_NW_21,NA,6.21306,0.44058,2021-05-27T00:00:00Z,0,Savannah,NA,0,Malaise,talya,25/02/2022 14:14,27,NA,NA,NA,Mafi Agorve,4,1557,NA,NA
1567,2_AA_SE_22,Ghana freezer,6.45717,0.31733,2021-06-21T00:00:00Z,0,Savannah,22/06/2021,0,Malaise,donkoryaw,06/07/2021 11:00,21,NA,NA,NA,Abutia Amegame,0,1567,NA,NA
1567.1,2_AA_SE_22,NA,6.45717,0.31733,2021-06-21T00:00:00Z,0,Savannah,NA,0,Malaise,talya,25/02/2022 13:16,21,NA,NA,NA,Abutia Amegame,1,1567,NA,NA
1567.2,2_AA_SE_22,NA,6.45717,0.31733,2021-06-21T00:00:00Z,0,Savannah,NA,0,Malaise,talya,25/02/2022 13:41,21,NA,NA,NA,Abutia Amegame,2,1567,NA,NA
1567.3,2_AA_SE_22,NA,6.45717,0.31733,2021-06-21T00:00:00Z,0,Savannah,NA,0,Malaise,talya,25/02/2022 14:04,21,NA,NA,NA,Abutia Amegame,3,1567,NA,NA
1567.4,2_AA_SE_22,NA,6.45717,0.31733,2021-06-21T00:00:00Z,0,Savannah,NA,0,Malaise,talya,25/02/2022 14:12,21,NA,NA,NA,Abutia Amegame,4,1567,NA,NA
1578,2_AA_SW_22,Ghana freezer,6.45693,0.31471,2021-06-21T00:00:00Z,0,Savannah,22/06/2021,0,Malaise,donkoryaw,06/07/2021 11:09,21,NA,NA,NA,Abutia Amegame,0,1578,NA,NA
1578.1,2_AA_SW_22,NA,6.45693,0.31471,2021-06-21T00:00:00Z,0,Savannah,NA,0,Malaise,talya,25/02/2022 13:16,21,NA,NA,NA,Abutia Amegame,1,1578,NA,NA
1578.2,2_AA_SW_22,NA,6.45693,0.31471,2021-06-21T00:00:00Z,0,Savannah,NA,0,Malaise,talya,25/02/2022 13:41,21,NA,NA,NA,Abutia Amegame,2,1578,NA,NA
1578.3,2_AA_SW_22,NA,6.45693,0.31471,2021-06-21T00:00:00Z,0,Savannah,NA,0,Malaise,talya,25/02/2022 14:04,21,NA,NA,NA,Abutia Amegame,3,1578,NA,NA
1578.4,2_AA_SW_22,NA,6.45693,0.31471,2021-06-21T00:00:00Z,0,Savannah,NA,0,Malaise,talya,25/02/2022 14:12,21,NA,NA,NA,Abutia Amegame,4,1578,NA,NA
1588,2_AA_NW_22,Ghana freezer,6.46209,0.31494,2021-06-21T00:00:00Z,0,Savannah,24/06/2021,0,Malaise,donkoryaw,01/07/2021 15:16,21,NA,NA,NA,Abutia Amegame,0,1588,NA,NA
1588.1,2_AA_NW_22,NA,6.46209,0.31494,2021-06-21T00:00:00Z,0,Savannah,NA,0,Malaise,talya,25/02/2022 13:13,21,NA,NA,NA,Abutia Amegame,1,1588,NA,NA
1588.2,2_AA_NW_22,NA,6.46209,0.31494,2021-06-21T00:00:00Z,0,Savannah,NA,0,Malaise,talya,25/02/2022 13:38,21,NA,NA,NA,Abutia Amegame,2,1588,NA,NA
1588.3,2_AA_NW_22,NA,6.46209,0.31494,2021-06-21T00:00:00Z,0,Savannah,NA,0,Malaise,talya,25/02/2022 14:01,21,NA,NA,NA,Abutia Amegame,3,1588,NA,NA
1588.4,2_AA_NW_22,NA,6.46209,0.31494,2021-06-21T00:00:00Z,0,Savannah,NA,0,Malaise,talya,25/02/2022 14:10,21,NA,NA,NA,Abutia Amegame,4,1588,NA,NA
1598,2_AA_NE_22,Ghana freezer,6.46173,0.31749,2021-06-21T00:00:00Z,0,Savannah,22/06/2021,0,Malaise,donkoryaw,06/07/2021 11:27,21,NA,NA,NA,Abutia Amegame,0,1598,NA,NA
1598.1,2_AA_NE_22,NA,6.46173,0.31749,2021-06-21T00:00:00Z,0,Savannah,NA,0,Malaise,talya,25/02/2022 13:14,21,NA,NA,NA,Abutia Amegame,1,1598,NA,NA
1598.2,2_AA_NE_22,NA,6.46173,0.31749,2021-06-21T00:00:00Z,0,Savannah,NA,0,Malaise,talya,25/02/2022 13:38,21,NA,NA,NA,Abutia Amegame,2,1598,NA,NA
1598.3,2_AA_NE_22,NA,6.46173,0.31749,2021-06-21T00:00:00Z,0,Savannah,NA,0,Malaise,talya,25/02/2022 14:01,21,NA,NA,NA,Abutia Amegame,3,1598,NA,NA
1598.4,2_AA_NE_22,NA,6.46173,0.31749,2021-06-21T00:00:00Z,0,Savannah,NA,0,Malaise,talya,25/02/2022 14:10,21,NA,NA,NA,Abutia Amegame,4,1598,NA,NA
1608,2_MA_SE_22,Ghana freezer,6.20781,0.44284,2021-06-23T00:00:00Z,0,Savannah,23/06/2021,0,Malaise,donkoryaw,05/07/2021 11:40,23,NA,NA,NA,Mafi Agorve,0,1608,NA,NA
1608.1,2_MA_SE_22,NA,6.20781,0.44284,2021-06-23T00:00:00Z,0,Savannah,NA,0,Malaise,talya,25/02/2022 13:20,23,NA,NA,NA,Mafi Agorve,1,1608,NA,NA
1608.2,2_MA_SE_22,NA,6.20781,0.44284,2021-06-23T00:00:00Z,0,Savannah,NA,0,Malaise,talya,25/02/2022 13:45,23,NA,NA,NA,Mafi Agorve,2,1608,NA,NA
1608.3,2_MA_SE_22,NA,6.20781,0.44284,2021-06-23T00:00:00Z,0,Savannah,NA,0,Malaise,talya,25/02/2022 14:08,23,NA,NA,NA,Mafi Agorve,3,1608,NA,NA
1608.4,2_MA_SE_22,NA,6.20781,0.44284,2021-06-23T00:00:00Z,0,Savannah,NA,0,Malaise,talya,25/02/2022 14:17,23,NA,NA,NA,Mafi Agorve,4,1608,NA,NA
1618,2_MA_NE_22,Ghana freezer,6.2108,0.44499,2021-06-23T00:00:00Z,0,Savannah,24/06/2021,0,Malaise,donkoryaw,06/07/2021 10:23,23,NA,NA,NA,Mafi Agorve,0,1618,NA,NA
1618.1,2_MA_NE_22,NA,6.2108,0.44499,2021-06-23T00:00:00Z,0,Savannah,NA,0,Malaise,talya,25/02/2022 13:18,23,NA,NA,NA,Mafi Agorve,1,1618,NA,NA
1618.2,2_MA_NE_22,NA,6.2108,0.44499,2021-06-23T00:00:00Z,0,Savannah,NA,0,Malaise,talya,25/02/2022 13:43,23,NA,NA,NA,Mafi Agorve,2,1618,NA,NA
1618.3,2_MA_NE_22,NA,6.2108,0.44499,2021-06-23T00:00:00Z,0,Savannah,NA,0,Malaise,talya,25/02/2022 14:06,23,NA,NA,NA,Mafi Agorve,3,1618,NA,NA
1618.4,2_MA_NE_22,NA,6.2108,0.44499,2021-06-23T00:00:00Z,0,Savannah,NA,0,Malaise,talya,25/02/2022 14:15,23,NA,NA,NA,Mafi Agorve,4,1618,NA,NA
1628,2_MA_SW_22,Ghana freezer,6.20934,0.43868,2021-06-23T00:00:00Z,0,Savannah,24/06/2021,0,Malaise,donkoryaw,06/07/2021 10:32,23,NA,NA,NA,Mafi Agorve,0,1628,NA,NA
1628.1,2_MA_SW_22,NA,6.20934,0.43868,2021-06-23T00:00:00Z,0,Savannah,NA,0,Malaise,talya,25/02/2022 13:19,23,NA,NA,NA,Mafi Agorve,1,1628,NA,NA
1628.2,2_MA_SW_22,NA,6.20934,0.43868,2021-06-23T00:00:00Z,0,Savannah,NA,0,Malaise,talya,25/02/2022 13:44,23,NA,NA,NA,Mafi Agorve,2,1628,NA,NA
1628.3,2_MA_SW_22,NA,6.20934,0.43868,2021-06-23T00:00:00Z,0,Savannah,NA,0,Malaise,talya,25/02/2022 14:07,23,NA,NA,NA,Mafi Agorve,3,1628,NA,NA
1628.4,2_MA_SW_22,NA,6.20934,0.43868,2021-06-23T00:00:00Z,0,Savannah,NA,0,Malaise,talya,25/02/2022 14:16,23,NA,NA,NA,Mafi Agorve,4,1628,NA,NA
1638,2_MA_NW_22,Ghana freezer,6.2133,0.44073,2021-06-23T00:00:00Z,0,Savannah,24/06/2021,0,Malaise,donkoryaw,06/07/2021 10:44,23,NA,NA,NA,Mafi Agorve,0,1638,NA,NA
1638.1,2_MA_NW_22,NA,6.2133,0.44073,2021-06-23T00:00:00Z,0,Savannah,NA,0,Malaise,talya,25/02/2022 13:17,23,NA,NA,NA,Mafi Agorve,1,1638,NA,NA
1638.2,2_MA_NW_22,NA,6.2133,0.44073,2021-06-23T00:00:00Z,0,Savannah,NA,0,Malaise,talya,25/02/2022 13:42,23,NA,NA,NA,Mafi Agorve,2,1638,NA,NA
1638.3,2_MA_NW_22,NA,6.2133,0.44073,2021-06-23T00:00:00Z,0,Savannah,NA,0,Malaise,talya,25/02/2022 14:05,23,NA,NA,NA,Mafi Agorve,3,1638,NA,NA
1638.4,2_MA_NW_22,NA,6.2133,0.44073,2021-06-23T00:00:00Z,0,Savannah,NA,0,Malaise,talya,25/02/2022 14:14,23,NA,NA,NA,Mafi Agorve,4,1638,NA,NA
305,AA13,Ghana freezer,6.457271405,0.313811087,2019-05-27T12:30:00Z,0,Savannah,NA,0,Malaise,naana,06/08/2019 16:21,27,NA,NA,NA,Abutia Amegame,0,305,2019-05-27T12:30:00Z,2019-05-27T18:00:00Z
305.1,AA13,NA,6.457271405,0.313811087,2019-05-27T12:30:00Z,0,NA,NA,0,Malaise,talya,04/03/2022 16:51,27,NA,NA,NA,Abutia Amegame,1,305,2019-05-27T18:00:00Z,2019-05-28T00:00:00Z
305.2,AA13,NA,6.457271405,0.313811087,2019-05-27T12:30:00Z,0,NA,NA,0,Malaise,talya,04/03/2022 16:51,27,NA,NA,NA,Abutia Amegame,2,305,2019-05-28T00:00:00Z,2019-05-28T06:00:00Z
305.3,AA13,NA,6.457271405,0.313811087,2019-05-27T12:30:00Z,0,NA,NA,0,Malaise,talya,04/03/2022 16:51,27,NA,NA,NA,Abutia Amegame,3,305,2019-05-28T06:00:00Z,2019-05-28T12:00:00Z
305.4,AA13,NA,6.457271405,0.313811087,2019-05-27T12:30:00Z,0,NA,NA,0,Malaise,talya,04/03/2022 16:51,27,NA,NA,NA,Abutia Amegame,4,305,2019-05-28T12:00:00Z,2019-05-28T12:30:00Z
530,2_AA_NW_1,Ghana freezer,6.45981,0.31524,2019-07-29T13:00:00Z,0,Savannah,NA,0,Malaise,benadams,27/08/2019 12:24,29,NA,NA,NA,Abutia Amegame,0,530,2019-07-29T13:00:00Z,2019-07-29T18:00:00Z
530.1,2_AA_NW_1,NA,6.45981,0.31524,2019-07-29T13:00:00Z,0,NA,NA,0,Malaise,talya,25/02/2022 13:14,29,NA,NA,NA,Abutia Amegame,1,530,2019-07-29T18:00:00Z,2019-07-30T00:00:00Z
530.2,2_AA_NW_1,NA,6.45981,0.31524,2019-07-29T13:00:00Z,0,NA,NA,0,Malaise,talya,25/02/2022 13:39,29,NA,NA,NA,Abutia Amegame,2,530,2019-07-30T00:00:00Z,2019-07-30T06:00:00Z
530.3,2_AA_NW_1,NA,6.45981,0.31524,2019-07-29T13:00:00Z,0,NA,NA,0,Malaise,talya,25/02/2022 14:02,29,NA,NA,NA,Abutia Amegame,3,530,2019-07-30T06:00:00Z,2019-07-30T12:00:00Z
530.4,2_AA_NW_1,NA,6.45981,0.31524,2019-07-29T13:00:00Z,0,NA,NA,0,Malaise,talya,25/02/2022 14:11,29,NA,NA,NA,Abutia Amegame,4,530,2019-07-30T12:00:00Z,2019-07-30T13:00:00Z
540,2_AA_NE_1,Ghana freezer,6.46067,0.31898,2019-07-29T14:00:00Z,0,Savannah,NA,0,Malaise,benadams,28/08/2019 10:04,29,NA,NA,NA,Abutia Amegame,0,540,2019-07-29T14:00:00Z,2019-07-29T18:00:00Z
540.1,2_AA_NE_1,NA,6.46067,0.31898,2019-07-29T14:00:00Z,0,NA,NA,0,Malaise,talya,25/02/2022 13:14,29,NA,NA,NA,Abutia Amegame,1,540,2019-07-29T18:00:00Z,2019-07-30T00:00:00Z
540.2,2_AA_NE_1,NA,6.46067,0.31898,2019-07-29T14:00:00Z,0,NA,NA,0,Malaise,talya,25/02/2022 13:39,29,NA,NA,NA,Abutia Amegame,2,540,2019-07-30T00:00:00Z,2019-07-30T06:00:00Z
540.3,2_AA_NE_1,NA,6.46067,0.31898,2019-07-29T14:00:00Z,0,NA,NA,0,Malaise,talya,25/02/2022 14:02,29,NA,NA,NA,Abutia Amegame,3,540,2019-07-30T06:00:00Z,2019-07-30T12:00:00Z
540.4,2_AA_NE_1,NA,6.46067,0.31898,2019-07-29T14:00:00Z,0,NA,NA,0,Malaise,talya,25/02/2022 14:10,29,NA,NA,NA,Abutia Amegame,4,540,2019-07-30T12:00:00Z,2019-07-30T14:00:00Z
549,2_AA_SE_1,Ghana freezer,6.45687,0.31641,2019-07-29T14:45:00Z,0,Savannah,NA,0,Malaise,benadams,27/08/2019 11:37,29,NA,NA,NA,Abutia Amegame,0,549,2019-07-29T14:45:00Z,2019-07-29T18:00:00Z
549.1,2_AA_SE_1,NA,6.45687,0.31641,2019-07-29T14:45:00Z,0,NA,NA,0,Malaise,talya,25/02/2022 13:16,29,NA,NA,NA,Abutia Amegame,1,549,2019-07-29T18:00:00Z,2019-07-30T00:00:00Z
549.2,2_AA_SE_1,NA,6.45687,0.31641,2019-07-29T14:45:00Z,0,NA,NA,0,Malaise,talya,25/02/2022 13:41,29,NA,NA,NA,Abutia Amegame,2,549,2019-07-30T00:00:00Z,2019-07-30T06:00:00Z
549.3,2_AA_SE_1,NA,6.45687,0.31641,2019-07-29T14:45:00Z,0,NA,NA,0,Malaise,talya,25/02/2022 14:04,29,NA,NA,NA,Abutia Amegame,3,549,2019-07-30T06:00:00Z,2019-07-30T12:00:00Z
549.4,2_AA_SE_1,NA,6.45687,0.31641,2019-07-29T14:45:00Z,0,NA,NA,0,Malaise,talya,25/02/2022 14:13,29,NA,NA,NA,Abutia Amegame,4,549,2019-07-30T12:00:00Z,2019-07-30T14:45:00Z
558,2_AA_SE_1,Ghana freezer,6.45687,0.31641,2019-07-29T14:45:00Z,0,Savannah,NA,0,Malaise,benadams,27/08/2019 12:01,29,NA,NA,NA,Abutia Amegame,0,558,2019-07-29T14:45:00Z,2019-07-29T18:00:00Z
558.1,2_AA_SE_1,NA,6.45687,0.31641,2019-07-29T14:45:00Z,0,NA,NA,0,Malaise,talya,25/02/2022 13:16,29,NA,NA,NA,Abutia Amegame,1,558,2019-07-29T18:00:00Z,2019-07-30T00:00:00Z
558.2,2_AA_SE_1,NA,6.45687,0.31641,2019-07-29T14:45:00Z,0,NA,NA,0,Malaise,talya,25/02/2022 13:41,29,NA,NA,NA,Abutia Amegame,2,558,2019-07-30T00:00:00Z,2019-07-30T06:00:00Z
558.3,2_AA_SE_1,NA,6.45687,0.31641,2019-07-29T14:45:00Z,0,NA,NA,0,Malaise,talya,25/02/2022 14:04,29,NA,NA,NA,Abutia Amegame,3,558,2019-07-30T06:00:00Z,2019-07-30T12:00:00Z
558.4,2_AA_SE_1,NA,6.45687,0.31641,2019-07-29T14:45:00Z,0,NA,NA,0,Malaise,talya,25/02/2022 14:13,29,NA,NA,NA,Abutia Amegame,4,558,2019-07-30T12:00:00Z,2019-07-30T14:45:00Z
567,2_MA_SE_1,Ghana freezer,6.20749,0.44499,2019-07-31T11:50:00Z,0,NA,NA,0,Malaise,talya,06/08/2019 17:57,31,NA,NA,NA,Mafi Agorve,0,567,2019-07-31T11:50:00Z,2019-07-31T12:00:00Z
567.1,2_MA_SE_1,NA,6.20749,0.44499,2019-07-31T11:50:00Z,0,NA,NA,0,Malaise,talya,25/02/2022 13:20,31,NA,NA,NA,Mafi Agorve,1,567,2019-07-31T12:00:00Z,2019-07-31T18:00:00Z
567.2,2_MA_SE_1,NA,6.20749,0.44499,2019-07-31T11:50:00Z,0,NA,NA,0,Malaise,talya,25/02/2022 13:45,31,NA,NA,NA,Mafi Agorve,2,567,2019-07-31T18:00:00Z,2019-08-01T00:00:00Z
567.3,2_MA_SE_1,NA,6.20749,0.44499,2019-07-31T11:50:00Z,0,NA,NA,0,Malaise,talya,25/02/2022 14:08,31,NA,NA,NA,Mafi Agorve,3,567,2019-08-01T00:00:00Z,2019-08-01T06:00:00Z
567.4,2_MA_SE_1,NA,6.20749,0.44499,2019-07-31T11:50:00Z,0,NA,NA,0,Malaise,talya,25/02/2022 14:17,31,NA,NA,NA,Mafi Agorve,4,567,2019-08-01T06:00:00Z,2019-08-01T11:50:00Z
577,2_MA_NE_1,Ghana freezer,6.21096,0.44422,2019-07-31T00:15:00Z,0,Savannah,NA,0,Malaise,benadams,28/08/2019 14:23,31,NA,NA,NA,Mafi Agorve,0,577,NA,NA
577.1,2_MA_NE_1,NA,6.21096,0.44422,2019-07-31T00:15:00Z,0,NA,NA,0,Malaise,talya,25/02/2022 13:18,31,NA,NA,NA,Mafi Agorve,1,577,NA,NA
577.2,2_MA_NE_1,NA,6.21096,0.44422,2019-07-31T00:15:00Z,0,NA,NA,0,Malaise,talya,25/02/2022 13:43,31,NA,NA,NA,Mafi Agorve,2,577,NA,NA
577.3,2_MA_NE_1,NA,6.21096,0.44422,2019-07-31T00:15:00Z,0,NA,NA,0,Malaise,talya,25/02/2022 14:06,31,NA,NA,NA,Mafi Agorve,3,577,NA,NA
577.4,2_MA_NE_1,NA,6.21096,0.44422,2019-07-31T00:15:00Z,0,NA,NA,0,Malaise,talya,25/02/2022 14:15,31,NA,NA,NA,Mafi Agorve,4,577,NA,NA
586,2_MA_NW_1,Ghana freezer,6.21121,0.43694,2019-07-31T01:00:00Z,0,Savannah,NA,0,Malaise,benadams,28/08/2019 19:34,31,NA,NA,NA,Mafi Agorve,0,586,2019-07-31T01:00:00Z,2019-07-31T06:00:00Z
586.1,2_MA_NW_1,NA,6.21121,0.43694,2019-07-31T01:00:00Z,0,NA,NA,0,Malaise,talya,25/02/2022 13:18,31,NA,NA,NA,Mafi Agorve,1,586,2019-07-31T06:00:00Z,2019-07-31T12:00:00Z
586.2,2_MA_NW_1,NA,6.21121,0.43694,2019-07-31T01:00:00Z,0,NA,NA,0,Malaise,talya,25/02/2022 13:43,31,NA,NA,NA,Mafi Agorve,2,586,2019-07-31T12:00:00Z,2019-07-31T18:00:00Z
586.3,2_MA_NW_1,NA,6.21121,0.43694,2019-07-31T01:00:00Z,0,NA,NA,0,Malaise,talya,25/02/2022 14:06,31,NA,NA,NA,Mafi Agorve,3,586,2019-07-31T18:00:00Z,2019-08-01T00:00:00Z
586.4,2_MA_NW_1,NA,6.21121,0.43694,2019-07-31T01:00:00Z,0,NA,NA,0,Malaise,talya,25/02/2022 14:15,31,NA,NA,NA,Mafi Agorve,4,586,2019-08-01T00:00:00Z,2019-08-01T01:00:00Z
595,2_MA_SW_1,Ghana freezer,6.20744,0.43879,2019-07-31T13:31:00Z,0,Savannah,NA,0,Malaise,benadams,28/08/2019 19:49,31,NA,NA,NA,Mafi Agorve,0,595,2019-07-31T13:31:00Z,2019-07-31T18:00:00Z
595.1,2_MA_SW_1,NA,6.20744,0.43879,2019-07-31T13:31:00Z,0,NA,NA,0,Malaise,talya,25/02/2022 13:20,31,NA,NA,NA,Mafi Agorve,1,595,2019-07-31T18:00:00Z,2019-08-01T00:00:00Z
595.2,2_MA_SW_1,NA,6.20744,0.43879,2019-07-31T13:31:00Z,0,NA,NA,0,Malaise,talya,25/02/2022 13:45,31,NA,NA,NA,Mafi Agorve,2,595,2019-08-01T00:00:00Z,2019-08-01T06:00:00Z
595.3,2_MA_SW_1,NA,6.20744,0.43879,2019-07-31T13:31:00Z,0,NA,NA,0,Malaise,talya,25/02/2022 14:08,31,NA,NA,NA,Mafi Agorve,3,595,2019-08-01T06:00:00Z,2019-08-01T12:00:00Z
595.4,2_MA_SW_1,NA,6.20744,0.43879,2019-07-31T13:31:00Z,0,NA,NA,0,Malaise,talya,25/02/2022 14:17,31,NA,NA,NA,Mafi Agorve,4,595,2019-08-01T12:00:00Z,2019-08-01T13:31:00Z
604,2_AA_SW_2,Ghana freezer,6.45779,0.314864,2019-08-19T12:50:00Z,0,Savannah,17/09/2019,0,Malaise,donkoryaw,17/09/2019 13:18,19,NA,NA,NA,Abutia Amegame,0,604,2019-08-19T12:50:00Z,2019-08-19T18:00:00Z
604.1,2_AA_SW_2,NA,6.45779,0.314864,2019-08-19T12:50:00Z,0,NA,NA,0,Malaise,talya,25/02/2022 13:15,19,NA,NA,NA,Abutia Amegame,1,604,2019-08-19T18:00:00Z,2019-08-20T00:00:00Z
604.2,2_AA_SW_2,NA,6.45779,0.314864,2019-08-19T12:50:00Z,0,NA,NA,0,Malaise,talya,25/02/2022 13:40,19,NA,NA,NA,Abutia Amegame,2,604,2019-08-20T00:00:00Z,2019-08-20T06:00:00Z
604.3,2_AA_SW_2,NA,6.45779,0.314864,2019-08-19T12:50:00Z,0,NA,NA,0,Malaise,talya,25/02/2022 14:03,19,NA,NA,NA,Abutia Amegame,3,604,2019-08-20T06:00:00Z,2019-08-20T12:00:00Z
604.4,2_AA_SW_2,NA,6.45779,0.314864,2019-08-19T12:50:00Z,0,NA,NA,0,Malaise,talya,25/02/2022 14:12,19,NA,NA,NA,Abutia Amegame,4,604,2019-08-20T12:00:00Z,2019-08-20T12:50:00Z
614,2_AA_NW_2,Ghana freezer,6.45975,0.31364,2019-08-19T13:40:00Z,0,Savannah,17/09/2019,0,Malaise,donkoryaw,17/09/2019 14:09,19,NA,NA,NA,Abutia Amegame,0,614,2019-08-19T13:40:00Z,2019-08-19T18:00:00Z
614.1,2_AA_NW_2,NA,6.45975,0.31364,2019-08-19T13:40:00Z,0,NA,NA,0,Malaise,talya,25/02/2022 13:14,19,NA,NA,NA,Abutia Amegame,1,614,2019-08-19T18:00:00Z,2019-08-20T00:00:00Z
614.2,2_AA_NW_2,NA,6.45975,0.31364,2019-08-19T13:40:00Z,0,NA,NA,0,Malaise,talya,25/02/2022 13:39,19,NA,NA,NA,Abutia Amegame,2,614,2019-08-20T00:00:00Z,2019-08-20T06:00:00Z
614.3,2_AA_NW_2,NA,6.45975,0.31364,2019-08-19T13:40:00Z,0,NA,NA,0,Malaise,talya,25/02/2022 14:02,19,NA,NA,NA,Abutia Amegame,3,614,2019-08-20T06:00:00Z,2019-08-20T12:00:00Z
614.4,2_AA_NW_2,NA,6.45975,0.31364,2019-08-19T13:40:00Z,0,NA,NA,0,Malaise,talya,25/02/2022 14:11,19,NA,NA,NA,Abutia Amegame,4,614,2019-08-20T12:00:00Z,2019-08-20T13:40:00Z
623,2_AA_NE_2,Ghana freezer,6.4608,0.318049,2019-08-19T14:40:00Z,0,Savannah,17/09/2019,0,Malaise,donkoryaw,17/09/2019 14:25,19,NA,NA,NA,Abutia Amegame,0,623,2019-08-19T14:40:00Z,2019-08-19T18:00:00Z
623.1,2_AA_NE_2,NA,6.4608,0.318049,2019-08-19T14:40:00Z,0,NA,NA,0,Malaise,talya,25/02/2022 13:14,19,NA,NA,NA,Abutia Amegame,1,623,2019-08-19T18:00:00Z,2019-08-20T00:00:00Z
623.2,2_AA_NE_2,NA,6.4608,0.318049,2019-08-19T14:40:00Z,0,NA,NA,0,Malaise,talya,25/02/2022 13:38,19,NA,NA,NA,Abutia Amegame,2,623,2019-08-20T00:00:00Z,2019-08-20T06:00:00Z
623.3,2_AA_NE_2,NA,6.4608,0.318049,2019-08-19T14:40:00Z,0,NA,NA,0,Malaise,talya,25/02/2022 14:02,19,NA,NA,NA,Abutia Amegame,3,623,2019-08-20T06:00:00Z,2019-08-20T12:00:00Z
623.4,2_AA_NE_2,NA,6.4608,0.318049,2019-08-19T14:40:00Z,0,NA,NA,0,Malaise,talya,25/02/2022 14:10,19,NA,NA,NA,Abutia Amegame,4,623,2019-08-20T12:00:00Z,2019-08-20T14:40:00Z
632,2_AA_SE_2,Ghana freezer,6.45539,0.31759,2019-08-19T15:10:00Z,0,Savannah,17/09/2019,0,Malaise,donkoryaw,17/09/2019 14:41,19,NA,NA,NA,Abutia Amegame,0,632,2019-08-19T15:10:00Z,2019-08-19T18:00:00Z
632.1,2_AA_SE_2,NA,6.45539,0.31759,2019-08-19T15:10:00Z,0,NA,NA,0,Malaise,talya,25/02/2022 13:17,19,NA,NA,NA,Abutia Amegame,1,632,2019-08-19T18:00:00Z,2019-08-20T00:00:00Z
632.2,2_AA_SE_2,NA,6.45539,0.31759,2019-08-19T15:10:00Z,0,NA,NA,0,Malaise,talya,25/02/2022 13:42,19,NA,NA,NA,Abutia Amegame,2,632,2019-08-20T00:00:00Z,2019-08-20T06:00:00Z
632.3,2_AA_SE_2,NA,6.45539,0.31759,2019-08-19T15:10:00Z,0,NA,NA,0,Malaise,talya,25/02/2022 14:05,19,NA,NA,NA,Abutia Amegame,3,632,2019-08-20T06:00:00Z,2019-08-20T12:00:00Z
632.4,2_AA_SE_2,NA,6.45539,0.31759,2019-08-19T15:10:00Z,0,NA,NA,0,Malaise,talya,25/02/2022 14:14,19,NA,NA,NA,Abutia Amegame,4,632,2019-08-20T12:00:00Z,2019-08-20T15:10:00Z
651,2_MA_NW_2,Ghana freezer,6.21017,0.438767,2019-08-21T16:10:00Z,0,Savannah,20/09/2019,0,Malaise,donkoryaw,20/09/2019 11:00,21,NA,NA,NA,Mafi Agorve,0,651,2019-08-21T16:10:00Z,2019-08-21T18:00:00Z
651.1,2_MA_NW_2,NA,6.21017,0.438767,2019-08-21T16:10:00Z,0,NA,NA,0,Malaise,talya,25/02/2022 13:19,21,NA,NA,NA,Mafi Agorve,1,651,2019-08-21T18:00:00Z,2019-08-22T00:00:00Z
651.2,2_MA_NW_2,NA,6.21017,0.438767,2019-08-21T16:10:00Z,0,NA,NA,0,Malaise,talya,25/02/2022 13:43,21,NA,NA,NA,Mafi Agorve,2,651,2019-08-22T00:00:00Z,2019-08-22T06:00:00Z
651.3,2_MA_NW_2,NA,6.21017,0.438767,2019-08-21T16:10:00Z,0,NA,NA,0,Malaise,talya,25/02/2022 14:07,21,NA,NA,NA,Mafi Agorve,3,651,2019-08-22T06:00:00Z,2019-08-22T12:00:00Z
651.4,2_MA_NW_2,NA,6.21017,0.438767,2019-08-21T16:10:00Z,0,NA,NA,0,Malaise,talya,25/02/2022 14:15,21,NA,NA,NA,Mafi Agorve,4,651,2019-08-22T12:00:00Z,2019-08-22T16:10:00Z
660,2_MA_NE_2,Ghana freezer,6.21247,0.442525,2019-08-21T16:40:00Z,0,Savannah,18/09/2019,0,Malaise,donkoryaw,18/09/2019 11:21,21,NA,NA,NA,Mafi Agorve,0,660,2019-08-21T16:40:00Z,2019-08-21T18:00:00Z
660.1,2_MA_NE_2,NA,6.21247,0.442525,2019-08-21T16:40:00Z,0,NA,NA,0,Malaise,talya,25/02/2022 13:17,21,NA,NA,NA,Mafi Agorve,1,660,2019-08-21T18:00:00Z,2019-08-22T00:00:00Z
660.2,2_MA_NE_2,NA,6.21247,0.442525,2019-08-21T16:40:00Z,0,NA,NA,0,Malaise,talya,25/02/2022 13:42,21,NA,NA,NA,Mafi Agorve,2,660,2019-08-22T00:00:00Z,2019-08-22T06:00:00Z
660.3,2_MA_NE_2,NA,6.21247,0.442525,2019-08-21T16:40:00Z,0,NA,NA,0,Malaise,talya,25/02/2022 14:05,21,NA,NA,NA,Mafi Agorve,3,660,2019-08-22T06:00:00Z,2019-08-22T12:00:00Z
660.4,2_MA_NE_2,NA,6.21247,0.442525,2019-08-21T16:40:00Z,0,NA,NA,0,Malaise,talya,25/02/2022 14:14,21,NA,NA,NA,Mafi Agorve,4,660,2019-08-22T12:00:00Z,2019-08-22T16:40:00Z
669,2_MA_SE_2,Ghana freezer,6.2089,0.44399,2019-08-21T16:40:00Z,0,Savannah,18/09/2019,0,Malaise,donkoryaw,18/09/2019 15:06,21,NA,NA,NA,Mafi Agorve,0,669,2019-08-21T16:40:00Z,2019-08-21T18:00:00Z
669.1,2_MA_SE_2,NA,6.2089,0.44399,2019-08-21T16:40:00Z,0,NA,NA,0,Malaise,talya,25/02/2022 13:19,21,NA,NA,NA,Mafi Agorve,1,669,2019-08-21T18:00:00Z,2019-08-22T00:00:00Z
669.2,2_MA_SE_2,NA,6.2089,0.44399,2019-08-21T16:40:00Z,0,NA,NA,0,Malaise,talya,25/02/2022 13:44,21,NA,NA,NA,Mafi Agorve,2,669,2019-08-22T00:00:00Z,2019-08-22T06:00:00Z
669.3,2_MA_SE_2,NA,6.2089,0.44399,2019-08-21T16:40:00Z,0,NA,NA,0,Malaise,talya,25/02/2022 14:07,21,NA,NA,NA,Mafi Agorve,3,669,2019-08-22T06:00:00Z,2019-08-22T12:00:00Z
669.4,2_MA_SE_2,NA,6.2089,0.44399,2019-08-21T16:40:00Z,0,NA,NA,0,Malaise,talya,25/02/2022 14:16,21,NA,NA,NA,Mafi Agorve,4,669,2019-08-22T12:00:00Z,2019-08-22T16:40:00Z
678,2_MA_SW_2,Ghana freezer,6.20801,0.440263,2019-08-21T15:41:00Z,0,Savannah,18/09/2019,0,Malaise,donkoryaw,18/09/2019 15:27,21,NA,NA,NA,Mafi Agorve,0,678,2019-08-21T15:41:00Z,2019-08-21T18:00:00Z
678.1,2_MA_SW_2,NA,6.20801,0.440263,2019-08-21T15:41:00Z,0,NA,NA,0,Malaise,talya,25/02/2022 13:20,21,NA,NA,NA,Mafi Agorve,1,678,2019-08-21T18:00:00Z,2019-08-22T00:00:00Z
678.2,2_MA_SW_2,NA,6.20801,0.440263,2019-08-21T15:41:00Z,0,NA,NA,0,Malaise,talya,25/02/2022 13:45,21,NA,NA,NA,Mafi Agorve,2,678,2019-08-22T00:00:00Z,2019-08-22T06:00:00Z
678.3,2_MA_SW_2,NA,6.20801,0.440263,2019-08-21T15:41:00Z,0,NA,NA,0,Malaise,talya,25/02/2022 14:08,21,NA,NA,NA,Mafi Agorve,3,678,2019-08-22T06:00:00Z,2019-08-22T12:00:00Z
678.4,2_MA_SW_2,NA,6.20801,0.440263,2019-08-21T15:41:00Z,0,NA,NA,0,Malaise,talya,25/02/2022 14:16,21,NA,NA,NA,Mafi Agorve,4,678,2019-08-22T12:00:00Z,2019-08-22T15:41:00Z
681,2_AA_NW_3,Ghana freezer,6.4596,0.3129,2019-09-09T12:53:00Z,0,Savannah,24/09/2019,0,Malaise,naana,24/09/2019 13:02,9,NA,NA,NA,Abutia Amegame,0,681,2019-09-09T12:53:00Z,2019-09-09T18:00:00Z
681.1,2_AA_NW_3,NA,6.4596,0.3129,2019-09-09T12:53:00Z,0,NA,NA,0,Malaise,talya,25/02/2022 13:14,9,NA,NA,NA,Abutia Amegame,1,681,2019-09-09T18:00:00Z,2019-09-10T00:00:00Z
681.2,2_AA_NW_3,NA,6.4596,0.3129,2019-09-09T12:53:00Z,0,NA,NA,0,Malaise,talya,25/02/2022 13:39,9,NA,NA,NA,Abutia Amegame,2,681,2019-09-10T00:00:00Z,2019-09-10T06:00:00Z
681.3,2_AA_NW_3,NA,6.4596,0.3129,2019-09-09T12:53:00Z,0,NA,NA,0,Malaise,talya,25/02/2022 14:02,9,NA,NA,NA,Abutia Amegame,3,681,2019-09-10T06:00:00Z,2019-09-10T12:00:00Z
681.4,2_AA_NW_3,NA,6.4596,0.3129,2019-09-09T12:53:00Z,0,NA,NA,0,Malaise,talya,25/02/2022 14:11,9,NA,NA,NA,Abutia Amegame,4,681,2019-09-10T12:00:00Z,2019-09-10T12:53:00Z
692,2_AA_NE_3,Ghana freezer,6.45848,0.3172,2019-09-09T13:43:00Z,0,Savannah,24/09/2019,0,Malaise,naana,24/09/2019 14:17,9,NA,NA,NA,Abutia Amegame,0,692,2019-09-09T13:43:00Z,2019-09-09T18:00:00Z
692.1,2_AA_NE_3,NA,6.45848,0.3172,2019-09-09T13:43:00Z,0,NA,NA,0,Malaise,talya,25/02/2022 13:15,9,NA,NA,NA,Abutia Amegame,1,692,2019-09-09T18:00:00Z,2019-09-10T00:00:00Z
692.2,2_AA_NE_3,NA,6.45848,0.3172,2019-09-09T13:43:00Z,0,NA,NA,0,Malaise,talya,25/02/2022 13:40,9,NA,NA,NA,Abutia Amegame,2,692,2019-09-10T00:00:00Z,2019-09-10T06:00:00Z
692.3,2_AA_NE_3,NA,6.45848,0.3172,2019-09-09T13:43:00Z,0,NA,NA,0,Malaise,talya,25/02/2022 14:03,9,NA,NA,NA,Abutia Amegame,3,692,2019-09-10T06:00:00Z,2019-09-10T12:00:00Z
692.4,2_AA_NE_3,NA,6.45848,0.3172,2019-09-09T13:43:00Z,0,NA,NA,0,Malaise,talya,25/02/2022 14:12,9,NA,NA,NA,Abutia Amegame,4,692,2019-09-10T12:00:00Z,2019-09-10T13:43:00Z
703,2_AA_SE_3,Ghana freezer,6.4558497,0.31653,2019-09-09T14:33:00Z,0,Savannah,24/09/2019,0,Malaise,naana,24/09/2019 15:40,9,NA,NA,NA,Abutia Amegame,0,703,2019-09-09T14:33:00Z,2019-09-09T18:00:00Z
703.1,2_AA_SE_3,NA,6.4558497,0.31653,2019-09-09T14:33:00Z,0,NA,NA,0,Malaise,talya,25/02/2022 13:17,9,NA,NA,NA,Abutia Amegame,1,703,2019-09-09T18:00:00Z,2019-09-10T00:00:00Z
703.2,2_AA_SE_3,NA,6.4558497,0.31653,2019-09-09T14:33:00Z,0,NA,NA,0,Malaise,talya,25/02/2022 13:41,9,NA,NA,NA,Abutia Amegame,2,703,2019-09-10T00:00:00Z,2019-09-10T06:00:00Z
703.3,2_AA_SE_3,NA,6.4558497,0.31653,2019-09-09T14:33:00Z,0,NA,NA,0,Malaise,talya,25/02/2022 14:05,9,NA,NA,NA,Abutia Amegame,3,703,2019-09-10T06:00:00Z,2019-09-10T12:00:00Z
703.4,2_AA_SE_3,NA,6.4558497,0.31653,2019-09-09T14:33:00Z,0,NA,NA,0,Malaise,talya,25/02/2022 14:13,9,NA,NA,NA,Abutia Amegame,4,703,2019-09-10T12:00:00Z,2019-09-10T14:33:00Z
714,2_AA_SW_3,Ghana freezer,6.45594,0.3165,2019-09-09T15:10:00Z,0,Savannah,24/09/2019,0,Malaise,naana,24/09/2019 16:14,9,NA,NA,NA,Abutia Amegame,0,714,2019-09-09T15:10:00Z,2019-09-09T18:00:00Z
714.1,2_AA_SW_3,NA,6.45594,0.3165,2019-09-09T15:10:00Z,0,NA,NA,0,Malaise,talya,25/02/2022 13:16,9,NA,NA,NA,Abutia Amegame,1,714,2019-09-09T18:00:00Z,2019-09-10T00:00:00Z
714.2,2_AA_SW_3,NA,6.45594,0.3165,2019-09-09T15:10:00Z,0,NA,NA,0,Malaise,talya,25/02/2022 13:41,9,NA,NA,NA,Abutia Amegame,2,714,2019-09-10T00:00:00Z,2019-09-10T06:00:00Z
714.3,2_AA_SW_3,NA,6.45594,0.3165,2019-09-09T15:10:00Z,0,NA,NA,0,Malaise,talya,25/02/2022 14:05,9,NA,NA,NA,Abutia Amegame,3,714,2019-09-10T06:00:00Z,2019-09-10T12:00:00Z
714.4,2_AA_SW_3,NA,6.45594,0.3165,2019-09-09T15:10:00Z,0,NA,NA,0,Malaise,talya,25/02/2022 14:13,9,NA,NA,NA,Abutia Amegame,4,714,2019-09-10T12:00:00Z,2019-09-10T15:10:00Z
725,2_MA_SE_3,Ghana freezer,6.20832,0.4443,2019-09-11T12:58:00Z,0,Savannah,24/09/2019,0,Malaise,naana,24/09/2019 16:29,11,NA,NA,NA,Mafi Agorve,0,725,2019-09-11T12:58:00Z,2019-09-11T18:00:00Z
725.1,2_MA_SE_3,NA,6.20832,0.4443,2019-09-11T12:58:00Z,0,NA,NA,0,Malaise,talya,25/02/2022 13:20,11,NA,NA,NA,Mafi Agorve,1,725,2019-09-11T18:00:00Z,2019-09-12T00:00:00Z
725.2,2_MA_SE_3,NA,6.20832,0.4443,2019-09-11T12:58:00Z,0,NA,NA,0,Malaise,talya,25/02/2022 13:44,11,NA,NA,NA,Mafi Agorve,2,725,2019-09-12T00:00:00Z,2019-09-12T06:00:00Z
725.3,2_MA_SE_3,NA,6.20832,0.4443,2019-09-11T12:58:00Z,0,NA,NA,0,Malaise,talya,25/02/2022 14:08,11,NA,NA,NA,Mafi Agorve,3,725,2019-09-12T06:00:00Z,2019-09-12T12:00:00Z
725.4,2_MA_SE_3,NA,6.20832,0.4443,2019-09-11T12:58:00Z,0,NA,NA,0,Malaise,talya,25/02/2022 14:16,11,NA,NA,NA,Mafi Agorve,4,725,2019-09-12T12:00:00Z,2019-09-12T12:58:00Z
736,2_MA_NE_3,Ghana freezer,6.2108,0.4447,2019-09-11T13:33:00Z,0,Savannah,24/09/2019,0,Malaise,naana,24/09/2019 16:44,11,NA,NA,NA,Mafi Agorve,0,736,2019-09-11T13:33:00Z,2019-09-11T18:00:00Z
736.1,2_MA_NE_3,NA,6.2108,0.4447,2019-09-11T13:33:00Z,0,NA,NA,0,Malaise,talya,25/02/2022 13:18,11,NA,NA,NA,Mafi Agorve,1,736,2019-09-11T18:00:00Z,2019-09-12T00:00:00Z
736.2,2_MA_NE_3,NA,6.2108,0.4447,2019-09-11T13:33:00Z,0,NA,NA,0,Malaise,talya,25/02/2022 13:43,11,NA,NA,NA,Mafi Agorve,2,736,2019-09-12T00:00:00Z,2019-09-12T06:00:00Z
736.3,2_MA_NE_3,NA,6.2108,0.4447,2019-09-11T13:33:00Z,0,NA,NA,0,Malaise,talya,25/02/2022 14:06,11,NA,NA,NA,Mafi Agorve,3,736,2019-09-12T06:00:00Z,2019-09-12T12:00:00Z
736.4,2_MA_NE_3,NA,6.2108,0.4447,2019-09-11T13:33:00Z,0,NA,NA,0,Malaise,talya,25/02/2022 14:15,11,NA,NA,NA,Mafi Agorve,4,736,2019-09-12T12:00:00Z,2019-09-12T13:33:00Z
747,2_MA_SW_3,Ghana freezer,6.20779,0.43765,2019-09-11T14:37:00Z,0,Savannah,24/09/2019,0,Malaise,naana,24/09/2019 17:01,11,NA,NA,NA,Mafi Agorve,0,747,2019-09-11T14:37:00Z,2019-09-11T18:00:00Z
747.1,2_MA_SW_3,NA,6.20779,0.43765,2019-09-11T14:37:00Z,0,NA,NA,0,Malaise,talya,25/02/2022 13:20,11,NA,NA,NA,Mafi Agorve,1,747,2019-09-11T18:00:00Z,2019-09-12T00:00:00Z
747.2,2_MA_SW_3,NA,6.20779,0.43765,2019-09-11T14:37:00Z,0,NA,NA,0,Malaise,talya,25/02/2022 13:45,11,NA,NA,NA,Mafi Agorve,2,747,2019-09-12T00:00:00Z,2019-09-12T06:00:00Z
747.3,2_MA_SW_3,NA,6.20779,0.43765,2019-09-11T14:37:00Z,0,NA,NA,0,Malaise,talya,25/02/2022 14:08,11,NA,NA,NA,Mafi Agorve,3,747,2019-09-12T06:00:00Z,2019-09-12T12:00:00Z
747.4,2_MA_SW_3,NA,6.20779,0.43765,2019-09-11T14:37:00Z,0,NA,NA,0,Malaise,talya,25/02/2022 14:17,11,NA,NA,NA,Mafi Agorve,4,747,2019-09-12T12:00:00Z,2019-09-12T14:37:00Z
758,2_MA_NW_3,Ghana freezer,6.21241,0.43815,2019-09-11T15:14:00Z,0,Savannah,24/09/2019,0,Malaise,naana,24/09/2019 17:19,11,NA,NA,NA,Mafi Agorve,0,758,2019-09-11T15:14:00Z,2019-09-11T18:00:00Z
758.1,2_MA_NW_3,NA,6.21241,0.43815,2019-09-11T15:14:00Z,0,NA,NA,0,Malaise,talya,25/02/2022 13:18,11,NA,NA,NA,Mafi Agorve,1,758,2019-09-11T18:00:00Z,2019-09-12T00:00:00Z
758.2,2_MA_NW_3,NA,6.21241,0.43815,2019-09-11T15:14:00Z,0,NA,NA,0,Malaise,talya,25/02/2022 13:42,11,NA,NA,NA,Mafi Agorve,2,758,2019-09-12T00:00:00Z,2019-09-12T06:00:00Z
758.3,2_MA_NW_3,NA,6.21241,0.43815,2019-09-11T15:14:00Z,0,NA,NA,0,Malaise,talya,25/02/2022 14:05,11,NA,NA,NA,Mafi Agorve,3,758,2019-09-12T06:00:00Z,2019-09-12T12:00:00Z
758.4,2_MA_NW_3,NA,6.21241,0.43815,2019-09-11T15:14:00Z,0,NA,NA,0,Malaise,talya,25/02/2022 14:14,11,NA,NA,NA,Mafi Agorve,4,758,2019-09-12T12:00:00Z,2019-09-12T15:14:00Z
769,2_AA_NE_4,Ghana freezer,6.458113193,0.316683836,2019-09-30T12:05:00Z,0,Savannah,07/10/2019,0,Malaise,naana,07/10/2019 09:12,30,NA,NA,NA,Abutia Amegame,0,769,2019-09-30T12:05:00Z,2019-09-30T18:00:00Z
769.1,2_AA_NE_4,NA,6.458113193,0.316683836,2019-09-30T12:05:00Z,0,NA,NA,0,Malaise,talya,25/02/2022 13:15,30,NA,NA,NA,Abutia Amegame,1,769,2019-09-30T18:00:00Z,2019-10-01T00:00:00Z
769.2,2_AA_NE_4,NA,6.458113193,0.316683836,2019-09-30T12:05:00Z,0,NA,NA,0,Malaise,talya,25/02/2022 13:40,30,NA,NA,NA,Abutia Amegame,2,769,2019-10-01T00:00:00Z,2019-10-01T06:00:00Z
769.3,2_AA_NE_4,NA,6.458113193,0.316683836,2019-09-30T12:05:00Z,0,NA,NA,0,Malaise,talya,25/02/2022 14:03,30,NA,NA,NA,Abutia Amegame,3,769,2019-10-01T06:00:00Z,2019-10-01T12:00:00Z
769.4,2_AA_NE_4,NA,6.458113193,0.316683836,2019-09-30T12:05:00Z,0,NA,NA,0,Malaise,talya,25/02/2022 14:12,30,NA,NA,NA,Abutia Amegame,4,769,2019-10-01T12:00:00Z,2019-10-01T12:05:00Z
780,2_AA_SW_4,Ghana freezer,6.455713137,0.313932676,2019-09-30T12:49:00Z,0,Savannah,07/10/2019,0,Malaise,naana,07/10/2019 11:13,30,NA,NA,NA,Abutia Amegame,0,780,2019-09-30T12:49:00Z,2019-09-30T18:00:00Z
780.1,2_AA_SW_4,NA,6.455713137,0.313932676,2019-09-30T12:49:00Z,0,NA,NA,0,Malaise,talya,25/02/2022 13:17,30,NA,NA,NA,Abutia Amegame,1,780,2019-09-30T18:00:00Z,2019-10-01T00:00:00Z
780.2,2_AA_SW_4,NA,6.455713137,0.313932676,2019-09-30T12:49:00Z,0,NA,NA,0,Malaise,talya,25/02/2022 13:42,30,NA,NA,NA,Abutia Amegame,2,780,2019-10-01T00:00:00Z,2019-10-01T06:00:00Z
780.3,2_AA_SW_4,NA,6.455713137,0.313932676,2019-09-30T12:49:00Z,0,NA,NA,0,Malaise,talya,25/02/2022 14:05,30,NA,NA,NA,Abutia Amegame,3,780,2019-10-01T06:00:00Z,2019-10-01T12:00:00Z
780.4,2_AA_SW_4,NA,6.455713137,0.313932676,2019-09-30T12:49:00Z,0,NA,NA,0,Malaise,talya,25/02/2022 14:13,30,NA,NA,NA,Abutia Amegame,4,780,2019-10-01T12:00:00Z,2019-10-01T12:49:00Z
791,2_AA_NW_4,Ghana freezer,6.460793513,0.313694773,2019-09-30T13:30:00Z,0,Savannah,07/10/2019,0,Malaise,naana,07/10/2019 11:43,30,NA,NA,NA,Abutia Amegame,0,791,2019-09-30T13:30:00Z,2019-09-30T18:00:00Z
791.1,2_AA_NW_4,NA,6.460793513,0.313694773,2019-09-30T13:30:00Z,0,NA,NA,0,Malaise,talya,25/02/2022 13:14,30,NA,NA,NA,Abutia Amegame,1,791,2019-09-30T18:00:00Z,2019-10-01T00:00:00Z
791.2,2_AA_NW_4,NA,6.460793513,0.313694773,2019-09-30T13:30:00Z,0,NA,NA,0,Malaise,talya,25/02/2022 13:38,30,NA,NA,NA,Abutia Amegame,2,791,2019-10-01T00:00:00Z,2019-10-01T06:00:00Z
791.3,2_AA_NW_4,NA,6.460793513,0.313694773,2019-09-30T13:30:00Z,0,NA,NA,0,Malaise,talya,25/02/2022 14:02,30,NA,NA,NA,Abutia Amegame,3,791,2019-10-01T06:00:00Z,2019-10-01T12:00:00Z
791.4,2_AA_NW_4,NA,6.460793513,0.313694773,2019-09-30T13:30:00Z,0,NA,NA,0,Malaise,talya,25/02/2022 14:10,30,NA,NA,NA,Abutia Amegame,4,791,2019-10-01T12:00:00Z,2019-10-01T13:30:00Z
802,2_AA_SE_4,Ghana freezer,6.455777478,0.319335472,2019-09-30T14:00:00Z,0,Savannah,07/10/2019,0,Malaise,naana,07/10/2019 12:50,30,NA,NA,NA,Abutia Amegame,0,802,2019-09-30T14:00:00Z,2019-09-30T18:00:00Z
802.1,2_AA_SE_4,NA,6.455777478,0.319335472,2019-09-30T14:00:00Z,0,NA,NA,0,Malaise,talya,25/02/2022 13:17,30,NA,NA,NA,Abutia Amegame,1,802,2019-09-30T18:00:00Z,2019-10-01T00:00:00Z
802.2,2_AA_SE_4,NA,6.455777478,0.319335472,2019-09-30T14:00:00Z,0,NA,NA,0,Malaise,talya,25/02/2022 13:41,30,NA,NA,NA,Abutia Amegame,2,802,2019-10-01T00:00:00Z,2019-10-01T06:00:00Z
802.3,2_AA_SE_4,NA,6.455777478,0.319335472,2019-09-30T14:00:00Z,0,NA,NA,0,Malaise,talya,25/02/2022 14:05,30,NA,NA,NA,Abutia Amegame,3,802,2019-10-01T06:00:00Z,2019-10-01T12:00:00Z
802.4,2_AA_SE_4,NA,6.455777478,0.319335472,2019-09-30T14:00:00Z,0,NA,NA,0,Malaise,talya,25/02/2022 14:13,30,NA,NA,NA,Abutia Amegame,4,802,2019-10-01T12:00:00Z,2019-10-01T14:00:00Z
813,2_MA_SE_4,Ghana freezer,6.20940229,0.441820667,2019-10-02T10:24:00Z,0,Savannah,07/10/2019,0,Malaise,naana,07/10/2019 13:40,2,NA,NA,NA,Mafi Agorve,0,813,2019-10-02T10:24:00Z,2019-10-02T12:00:00Z
813.1,2_MA_SE_4,NA,6.20940229,0.441820667,2019-10-02T10:24:00Z,0,NA,NA,0,Malaise,talya,25/02/2022 13:19,2,NA,NA,NA,Mafi Agorve,1,813,2019-10-02T12:00:00Z,2019-10-02T18:00:00Z
813.2,2_MA_SE_4,NA,6.20940229,0.441820667,2019-10-02T10:24:00Z,0,NA,NA,0,Malaise,talya,25/02/2022 13:44,2,NA,NA,NA,Mafi Agorve,2,813,2019-10-02T18:00:00Z,2019-10-03T00:00:00Z
813.3,2_MA_SE_4,NA,6.20940229,0.441820667,2019-10-02T10:24:00Z,0,NA,NA,0,Malaise,talya,25/02/2022 14:07,2,NA,NA,NA,Mafi Agorve,3,813,2019-10-03T00:00:00Z,2019-10-03T06:00:00Z
813.4,2_MA_SE_4,NA,6.20940229,0.441820667,2019-10-02T10:24:00Z,0,NA,NA,0,Malaise,talya,25/02/2022 14:15,2,NA,NA,NA,Mafi Agorve,4,813,2019-10-03T06:00:00Z,2019-10-03T10:24:00Z
824,2_MA_SW_4,Ghana freezer,6.209381273,0.440453864,2019-10-02T10:50:00Z,0,Savannah,07/10/2019,0,Malaise,naana,07/10/2019 13:56,2,NA,NA,NA,Mafi Agorve,0,824,2019-10-02T10:50:00Z,2019-10-02T12:00:00Z
824.1,2_MA_SW_4,NA,6.209381273,0.440453864,2019-10-02T10:50:00Z,0,NA,NA,0,Malaise,talya,25/02/2022 13:19,2,NA,NA,NA,Mafi Agorve,1,824,2019-10-02T12:00:00Z,2019-10-02T18:00:00Z
824.2,2_MA_SW_4,NA,6.209381273,0.440453864,2019-10-02T10:50:00Z,0,NA,NA,0,Malaise,talya,25/02/2022 13:44,2,NA,NA,NA,Mafi Agorve,2,824,2019-10-02T18:00:00Z,2019-10-03T00:00:00Z
824.3,2_MA_SW_4,NA,6.209381273,0.440453864,2019-10-02T10:50:00Z,0,NA,NA,0,Malaise,talya,25/02/2022 14:07,2,NA,NA,NA,Mafi Agorve,3,824,2019-10-03T00:00:00Z,2019-10-03T06:00:00Z
824.4,2_MA_SW_4,NA,6.209381273,0.440453864,2019-10-02T10:50:00Z,0,NA,NA,0,Malaise,talya,25/02/2022 14:15,2,NA,NA,NA,Mafi Agorve,4,824,2019-10-03T06:00:00Z,2019-10-03T10:50:00Z
835,2_MA_NE_4,Ghana freezer,6.211404505,0.443739079,2019-10-02T11:25:00Z,0,Savannah,07/10/2019,0,Malaise,naana,07/10/2019 14:10,2,NA,NA,NA,Mafi Agorve,0,835,2019-10-02T11:25:00Z,2019-10-02T12:00:00Z
835.1,2_MA_NE_4,NA,6.211404505,0.443739079,2019-10-02T11:25:00Z,0,NA,NA,0,Malaise,talya,25/02/2022 13:18,2,NA,NA,NA,Mafi Agorve,1,835,2019-10-02T12:00:00Z,2019-10-02T18:00:00Z
835.2,2_MA_NE_4,NA,6.211404505,0.443739079,2019-10-02T11:25:00Z,0,NA,NA,0,Malaise,talya,25/02/2022 13:43,2,NA,NA,NA,Mafi Agorve,2,835,2019-10-02T18:00:00Z,2019-10-03T00:00:00Z
835.3,2_MA_NE_4,NA,6.211404505,0.443739079,2019-10-02T11:25:00Z,0,NA,NA,0,Malaise,talya,25/02/2022 14:06,2,NA,NA,NA,Mafi Agorve,3,835,2019-10-03T00:00:00Z,2019-10-03T06:00:00Z
835.4,2_MA_NE_4,NA,6.211404505,0.443739079,2019-10-02T11:25:00Z,0,NA,NA,0,Malaise,talya,25/02/2022 14:14,2,NA,NA,NA,Mafi Agorve,4,835,2019-10-03T06:00:00Z,2019-10-03T11:25:00Z
846,2_MA_NW_4,Ghana freezer,6.212459657,0.439781095,2019-10-02T12:02:00Z,0,Savannah,07/10/2019,0,Malaise,naana,07/10/2019 14:26,2,NA,NA,NA,Mafi Agorve,0,846,2019-10-02T12:02:00Z,2019-10-02T18:00:00Z
846.1,2_MA_NW_4,NA,6.212459657,0.439781095,2019-10-02T12:02:00Z,0,NA,NA,0,Malaise,talya,25/02/2022 13:17,2,NA,NA,NA,Mafi Agorve,1,846,2019-10-02T18:00:00Z,2019-10-03T00:00:00Z
846.2,2_MA_NW_4,NA,6.212459657,0.439781095,2019-10-02T12:02:00Z,0,NA,NA,0,Malaise,talya,25/02/2022 13:42,2,NA,NA,NA,Mafi Agorve,2,846,2019-10-03T00:00:00Z,2019-10-03T06:00:00Z
846.3,2_MA_NW_4,NA,6.212459657,0.439781095,2019-10-02T12:02:00Z,0,NA,NA,0,Malaise,talya,25/02/2022 14:05,2,NA,NA,NA,Mafi Agorve,3,846,2019-10-03T06:00:00Z,2019-10-03T12:00:00Z
846.4,2_MA_NW_4,NA,6.212459657,0.439781095,2019-10-02T12:02:00Z,0,NA,NA,0,Malaise,talya,25/02/2022 14:14,2,NA,NA,NA,Mafi Agorve,4,846,2019-10-03T12:00:00Z,2019-10-03T12:02:00Z
857,2_AA_NW_5,Ghana freezer,6.45867,0.31521,2019-10-28T13:25:00Z,0,Savannah,04/11/2019,0,Malaise,naana,04/11/2019 14:22,28,NA,NA,NA,Abutia Amegame,0,857,2019-10-28T13:25:00Z,2019-10-28T18:00:00Z
857.1,2_AA_NW_5,NA,6.45867,0.31521,2019-10-28T13:25:00Z,0,NA,NA,0,Malaise,talya,25/02/2022 13:15,28,NA,NA,NA,Abutia Amegame,1,857,2019-10-28T18:00:00Z,2019-10-29T00:00:00Z
857.2,2_AA_NW_5,NA,6.45867,0.31521,2019-10-28T13:25:00Z,0,NA,NA,0,Malaise,talya,25/02/2022 13:39,28,NA,NA,NA,Abutia Amegame,2,857,2019-10-29T00:00:00Z,2019-10-29T06:00:00Z
857.3,2_AA_NW_5,NA,6.45867,0.31521,2019-10-28T13:25:00Z,0,NA,NA,0,Malaise,talya,25/02/2022 14:03,28,NA,NA,NA,Abutia Amegame,3,857,2019-10-29T06:00:00Z,2019-10-29T12:00:00Z
857.4,2_AA_NW_5,NA,6.45867,0.31521,2019-10-28T13:25:00Z,0,NA,NA,0,Malaise,talya,25/02/2022 14:11,28,NA,NA,NA,Abutia Amegame,4,857,2019-10-29T12:00:00Z,2019-10-29T13:25:00Z
868,2_AA_NE_5,Ghana freezer,6.45793,0.31364,2019-10-28T13:55:00Z,0,Savannah,04/11/2019,0,Malaise,naana,04/11/2019 15:02,28,NA,NA,NA,Abutia Amegame,0,868,2019-10-28T13:55:00Z,2019-10-28T18:00:00Z
868.1,2_AA_NE_5,NA,6.45793,0.31364,2019-10-28T13:55:00Z,0,NA,NA,0,Malaise,talya,25/02/2022 13:15,28,NA,NA,NA,Abutia Amegame,1,868,2019-10-28T18:00:00Z,2019-10-29T00:00:00Z
868.2,2_AA_NE_5,NA,6.45793,0.31364,2019-10-28T13:55:00Z,0,NA,NA,0,Malaise,talya,25/02/2022 13:40,28,NA,NA,NA,Abutia Amegame,2,868,2019-10-29T00:00:00Z,2019-10-29T06:00:00Z
868.3,2_AA_NE_5,NA,6.45793,0.31364,2019-10-28T13:55:00Z,0,NA,NA,0,Malaise,talya,25/02/2022 14:03,28,NA,NA,NA,Abutia Amegame,3,868,2019-10-29T06:00:00Z,2019-10-29T12:00:00Z
868.4,2_AA_NE_5,NA,6.45793,0.31364,2019-10-28T13:55:00Z,0,NA,NA,0,Malaise,talya,25/02/2022 14:12,28,NA,NA,NA,Abutia Amegame,4,868,2019-10-29T12:00:00Z,2019-10-29T13:55:00Z
879,2_AA_SE_5,Ghana freezer,6.45558,0.31769,2019-10-28T15:07:00Z,0,Savannah,04/11/2019,0,Malaise,naana,04/11/2019 15:49,28,NA,NA,NA,Abutia Amegame,0,879,2019-10-28T15:07:00Z,2019-10-28T18:00:00Z
879.1,2_AA_SE_5,NA,6.45558,0.31769,2019-10-28T15:07:00Z,0,NA,NA,0,Malaise,talya,25/02/2022 13:17,28,NA,NA,NA,Abutia Amegame,1,879,2019-10-28T18:00:00Z,2019-10-29T00:00:00Z
879.2,2_AA_SE_5,NA,6.45558,0.31769,2019-10-28T15:07:00Z,0,NA,NA,0,Malaise,talya,25/02/2022 13:42,28,NA,NA,NA,Abutia Amegame,2,879,2019-10-29T00:00:00Z,2019-10-29T06:00:00Z
879.3,2_AA_SE_5,NA,6.45558,0.31769,2019-10-28T15:07:00Z,0,NA,NA,0,Malaise,talya,25/02/2022 14:05,28,NA,NA,NA,Abutia Amegame,3,879,2019-10-29T06:00:00Z,2019-10-29T12:00:00Z
879.4,2_AA_SE_5,NA,6.45558,0.31769,2019-10-28T15:07:00Z,0,NA,NA,0,Malaise,talya,25/02/2022 14:13,28,NA,NA,NA,Abutia Amegame,4,879,2019-10-29T12:00:00Z,2019-10-29T15:07:00Z
890,2_AA_SW_5,Ghana freezer,6.46023,0.31962,2019-10-28T15:07:00Z,0,Savannah,04/11/2019,0,Malaise,naana,04/11/2019 16:10,28,NA,NA,NA,Abutia Amegame,0,890,2019-10-28T15:07:00Z,2019-10-28T18:00:00Z
890.1,2_AA_SW_5,NA,6.46023,0.31962,2019-10-28T15:35:00Z,0,NA,NA,0,Malaise,talya,25/02/2022 13:14,28,NA,NA,NA,Abutia Amegame,1,890,2019-10-28T18:00:00Z,2019-10-29T00:00:00Z
890.2,2_AA_SW_5,NA,6.46023,0.31962,2019-10-28T15:35:00Z,0,NA,NA,0,Malaise,talya,25/02/2022 13:39,28,NA,NA,NA,Abutia Amegame,2,890,2019-10-29T00:00:00Z,2019-10-29T06:00:00Z
890.3,2_AA_SW_5,NA,6.46023,0.31962,2019-10-28T15:35:00Z,0,NA,NA,0,Malaise,talya,25/02/2022 14:02,28,NA,NA,NA,Abutia Amegame,3,890,2019-10-29T06:00:00Z,2019-10-29T12:00:00Z
890.4,2_AA_SW_5,NA,6.46023,0.31962,2019-10-28T15:35:00Z,0,NA,NA,0,Malaise,talya,25/02/2022 14:11,28,NA,NA,NA,Abutia Amegame,4,890,2019-10-29T12:00:00Z,2019-10-29T15:07:00Z
901,2_MA_NE_5,Ghana freezer,6.21033,0.44137,2019-10-30T10:22:00Z,0,Savannah,04/11/2019,0,Malaise,naana,04/11/2019 16:32,30,NA,NA,NA,Mafi Agorve,0,901,2019-10-30T10:22:00Z,2019-10-30T12:00:00Z
901.1,2_MA_NE_5,NA,6.21033,0.44137,2019-10-30T10:22:00Z,0,NA,NA,0,Malaise,talya,25/02/2022 13:19,30,NA,NA,NA,Mafi Agorve,1,901,2019-10-30T12:00:00Z,2019-10-30T18:00:00Z
901.2,2_MA_NE_5,NA,6.21033,0.44137,2019-10-30T10:22:00Z,0,NA,NA,0,Malaise,talya,25/02/2022 13:43,30,NA,NA,NA,Mafi Agorve,2,901,2019-10-30T18:00:00Z,2019-10-31T00:00:00Z
901.3,2_MA_NE_5,NA,6.21033,0.44137,2019-10-30T10:22:00Z,0,NA,NA,0,Malaise,talya,25/02/2022 14:06,30,NA,NA,NA,Mafi Agorve,3,901,2019-10-31T00:00:00Z,2019-10-31T06:00:00Z
901.4,2_MA_NE_5,NA,6.21033,0.44137,2019-10-30T10:22:00Z,0,NA,NA,0,Malaise,talya,25/02/2022 14:15,30,NA,NA,NA,Mafi Agorve,4,901,2019-10-31T06:00:00Z,2019-10-31T10:22:00Z
912,2_MA_NW_5,Ghana freezer,6.21033,0.44137,2019-10-30T10:53:00Z,0,Savannah,04/11/2019,0,Malaise,naana,04/11/2019 16:54,30,NA,NA,NA,Mafi Agorve,0,912,2019-10-30T10:53:00Z,2019-10-30T12:00:00Z
912.1,2_MA_NW_5,NA,6.21033,0.44137,2019-10-30T10:53:00Z,0,NA,NA,0,Malaise,talya,25/02/2022 13:18,30,NA,NA,NA,Mafi Agorve,1,912,2019-10-30T12:00:00Z,2019-10-30T18:00:00Z
912.2,2_MA_NW_5,NA,6.21033,0.44137,2019-10-30T10:53:00Z,0,NA,NA,0,Malaise,talya,25/02/2022 13:43,30,NA,NA,NA,Mafi Agorve,2,912,2019-10-30T18:00:00Z,2019-10-31T00:00:00Z
912.3,2_MA_NW_5,NA,6.21033,0.44137,2019-10-30T10:53:00Z,0,NA,NA,0,Malaise,talya,25/02/2022 14:06,30,NA,NA,NA,Mafi Agorve,3,912,2019-10-31T00:00:00Z,2019-10-31T06:00:00Z
912.4,2_MA_NW_5,NA,6.21033,0.44137,2019-10-30T10:53:00Z,0,NA,NA,0,Malaise,talya,25/02/2022 14:15,30,NA,NA,NA,Mafi Agorve,4,912,2019-10-31T06:00:00Z,2019-10-31T10:53:00Z
923,2_MA_SE_5,Ghana freezer,6.20907,0.44524,2019-10-28T11:16:00Z,0,Savannah,04/11/2019,0,Malaise,naana,04/11/2019 14:17,28,NA,NA,NA,Mafi Agorve,0,923,2019-10-28T11:16:00Z,2019-10-28T12:00:00Z
923.1,2_MA_SE_5,NA,6.20907,0.44524,2019-10-30T11:16:00Z,0,NA,NA,0,Malaise,talya,25/02/2022 13:19,30,NA,NA,NA,Mafi Agorve,1,923,2019-10-28T12:00:00Z,2019-10-28T18:00:00Z
923.2,2_MA_SE_5,NA,6.20907,0.44524,2019-10-30T11:16:00Z,0,NA,NA,0,Malaise,talya,25/02/2022 13:44,30,NA,NA,NA,Mafi Agorve,2,923,2019-10-28T18:00:00Z,2019-10-29T00:00:00Z
923.3,2_MA_SE_5,NA,6.20907,0.44524,2019-10-30T11:16:00Z,0,NA,NA,0,Malaise,talya,25/02/2022 14:07,30,NA,NA,NA,Mafi Agorve,3,923,2019-10-29T00:00:00Z,2019-10-29T06:00:00Z
923.4,2_MA_SE_5,NA,6.20907,0.44524,2019-10-30T11:16:00Z,0,NA,NA,0,Malaise,talya,25/02/2022 14:16,30,NA,NA,NA,Mafi Agorve,4,923,2019-10-29T06:00:00Z,2019-10-29T11:16:00Z
934,2_MA_SW_5,Ghana freezer,6.20866,0.43791,2019-10-30T12:23:00Z,0,Savannah,05/11/2019,0,Malaise,naana,05/11/2019 11:31,30,NA,NA,NA,Mafi Agorve,0,934,2019-10-30T12:23:00Z,2019-10-30T18:00:00Z
934.1,2_MA_SW_5,NA,6.20866,0.43791,2019-10-30T12:23:00Z,0,NA,NA,0,Malaise,talya,25/02/2022 13:19,30,NA,NA,NA,Mafi Agorve,1,934,2019-10-30T18:00:00Z,2019-10-31T00:00:00Z
934.2,2_MA_SW_5,NA,6.20866,0.43791,2019-10-30T12:23:00Z,0,NA,NA,0,Malaise,talya,25/02/2022 13:44,30,NA,NA,NA,Mafi Agorve,2,934,2019-10-31T00:00:00Z,2019-10-31T06:00:00Z
934.3,2_MA_SW_5,NA,6.20866,0.43791,2019-10-30T12:23:00Z,0,NA,NA,0,Malaise,talya,25/02/2022 14:07,30,NA,NA,NA,Mafi Agorve,3,934,2019-10-31T06:00:00Z,2019-10-31T12:00:00Z
934.4,2_MA_SW_5,NA,6.20866,0.43791,2019-10-30T12:23:00Z,0,NA,NA,0,Malaise,talya,25/02/2022 14:16,30,NA,NA,NA,Mafi Agorve,4,934,2019-10-31T12:00:00Z,2019-10-31T12:23:00Z
945,2_AA_NE_6,Ghana freezer,6.45859,0.31719,2019-11-18T12:44:00Z,0,Savannah,27/11/2019,0,Malaise,naana,27/11/2019 09:00,18,NA,NA,NA,Abutia Amegame,0,945,2019-11-18T12:44:00Z,2019-11-18T18:00:00Z
945.1,2_AA_NE_6,NA,6.45859,0.31719,2019-11-18T12:44:00Z,0,NA,NA,0,Malaise,talya,25/02/2022 13:15,18,NA,NA,NA,Abutia Amegame,1,945,2019-11-18T18:00:00Z,2019-11-19T00:00:00Z
945.2,2_AA_NE_6,NA,6.45859,0.31719,2019-11-18T12:44:00Z,0,NA,NA,0,Malaise,talya,25/02/2022 13:39,18,NA,NA,NA,Abutia Amegame,2,945,2019-11-19T00:00:00Z,2019-11-19T06:00:00Z
945.3,2_AA_NE_6,NA,6.45859,0.31719,2019-11-18T12:44:00Z,0,NA,NA,0,Malaise,talya,25/02/2022 14:03,18,NA,NA,NA,Abutia Amegame,3,945,2019-11-19T06:00:00Z,2019-11-19T12:00:00Z
945.4,2_AA_NE_6,NA,6.45859,0.31719,2019-11-18T12:44:00Z,0,NA,NA,0,Malaise,talya,25/02/2022 14:11,18,NA,NA,NA,Abutia Amegame,4,945,2019-11-19T12:00:00Z,2019-11-19T12:44:00Z
956,2_AA_SE_6,Ghana freezer,6.45615,0.31655,2019-11-18T13:01:00Z,0,Savannah,27/11/2019,0,Malaise,naana,27/11/2019 09:17,18,NA,NA,NA,Abutia Amegame,0,956,2019-11-18T13:01:00Z,2019-11-18T18:00:00Z
956.1,2_AA_SE_6,NA,6.45615,0.31655,2019-11-18T13:01:00Z,0,NA,NA,0,Malaise,talya,25/02/2022 13:16,18,NA,NA,NA,Abutia Amegame,1,956,2019-11-18T18:00:00Z,2019-11-19T00:00:00Z
956.2,2_AA_SE_6,NA,6.45615,0.31655,2019-11-18T13:01:00Z,0,NA,NA,0,Malaise,talya,25/02/2022 13:41,18,NA,NA,NA,Abutia Amegame,2,956,2019-11-19T00:00:00Z,2019-11-19T06:00:00Z
956.3,2_AA_SE_6,NA,6.45615,0.31655,2019-11-18T13:01:00Z,0,NA,NA,0,Malaise,talya,25/02/2022 14:04,18,NA,NA,NA,Abutia Amegame,3,956,2019-11-19T06:00:00Z,2019-11-19T12:00:00Z
956.4,2_AA_SE_6,NA,6.45615,0.31655,2019-11-18T13:01:00Z,0,NA,NA,0,Malaise,talya,25/02/2022 14:13,18,NA,NA,NA,Abutia Amegame,4,956,2019-11-19T12:00:00Z,2019-11-19T13:01:00Z
967,2_AA_NW_6,Ghana freezer,6.45981,0.3149,2019-11-18T13:48:00Z,0,Savannah,27/11/2019,0,Malaise,naana,27/11/2019 09:33,18,NA,NA,NA,Abutia Amegame,0,967,2019-11-18T13:48:00Z,2019-11-18T18:00:00Z
967.1,2_AA_NW_6,NA,6.45981,0.3149,2019-11-18T13:48:00Z,0,NA,NA,0,Malaise,talya,25/02/2022 13:14,18,NA,NA,NA,Abutia Amegame,1,967,2019-11-18T18:00:00Z,2019-11-19T00:00:00Z
967.2,2_AA_NW_6,NA,6.45981,0.3149,2019-11-18T13:48:00Z,0,NA,NA,0,Malaise,talya,25/02/2022 13:39,18,NA,NA,NA,Abutia Amegame,2,967,2019-11-19T00:00:00Z,2019-11-19T06:00:00Z
967.3,2_AA_NW_6,NA,6.45981,0.3149,2019-11-18T13:48:00Z,0,NA,NA,0,Malaise,talya,25/02/2022 14:02,18,NA,NA,NA,Abutia Amegame,3,967,2019-11-19T06:00:00Z,2019-11-19T12:00:00Z
967.4,2_AA_NW_6,NA,6.45981,0.3149,2019-11-18T13:48:00Z,0,NA,NA,0,Malaise,talya,25/02/2022 14:11,18,NA,NA,NA,Abutia Amegame,4,967,2019-11-19T12:00:00Z,2019-11-19T13:48:00Z
978,2_AA_SW_6,Ghana freezer,6.45722,0.31259,2019-11-18T14:23:00Z,0,Savannah,27/11/2019,0,Malaise,naana,27/11/2019 09:48,18,NA,NA,NA,Abutia Amegame,0,978,2019-11-18T14:23:00Z,2019-11-18T18:00:00Z
978.1,2_AA_SW_6,NA,6.45722,0.31259,2019-11-18T14:23:00Z,0,NA,NA,0,Malaise,talya,25/02/2022 13:16,18,NA,NA,NA,Abutia Amegame,1,978,2019-11-18T18:00:00Z,2019-11-19T00:00:00Z
978.2,2_AA_SW_6,NA,6.45722,0.31259,2019-11-18T14:23:00Z,0,NA,NA,0,Malaise,talya,25/02/2022 13:40,18,NA,NA,NA,Abutia Amegame,2,978,2019-11-19T00:00:00Z,2019-11-19T06:00:00Z
978.3,2_AA_SW_6,NA,6.45722,0.31259,2019-11-18T14:23:00Z,0,NA,NA,0,Malaise,talya,25/02/2022 14:04,18,NA,NA,NA,Abutia Amegame,3,978,2019-11-19T06:00:00Z,2019-11-19T12:00:00Z
978.4,2_AA_SW_6,NA,6.45722,0.31259,2019-11-18T14:23:00Z,0,NA,NA,0,Malaise,talya,25/02/2022 14:12,18,NA,NA,NA,Abutia Amegame,4,978,2019-11-19T12:00:00Z,2019-11-19T14:23:00Z
989,2_MA_NE_6,Ghana freezer,6.21091,0.4426,2019-11-20T10:35:00Z,0,Savannah,28/11/2019,0,Malaise,naana,28/11/2019 09:16,20,NA,NA,NA,Mafi Agorve,0,989,2019-11-20T10:35:00Z,2019-11-20T12:00:00Z
989.1,2_MA_NE_6,NA,6.21091,0.4426,2019-11-20T10:35:00Z,0,NA,NA,0,Malaise,talya,25/02/2022 13:18,20,NA,NA,NA,Mafi Agorve,1,989,2019-11-20T12:00:00Z,2019-11-20T18:00:00Z
989.2,2_MA_NE_6,NA,6.21091,0.4426,2019-11-20T10:35:00Z,0,NA,NA,0,Malaise,talya,25/02/2022 13:43,20,NA,NA,NA,Mafi Agorve,2,989,2019-11-20T18:00:00Z,2019-11-21T00:00:00Z
989.3,2_MA_NE_6,NA,6.21091,0.4426,2019-11-20T10:35:00Z,0,NA,NA,0,Malaise,talya,25/02/2022 14:06,20,NA,NA,NA,Mafi Agorve,3,989,2019-11-21T00:00:00Z,2019-11-21T06:00:00Z
989.4,2_MA_NE_6,NA,6.21091,0.4426,2019-11-20T10:35:00Z,0,NA,NA,0,Malaise,talya,25/02/2022 14:15,20,NA,NA,NA,Mafi Agorve,4,989,2019-11-21T06:00:00Z,2019-11-21T10:35:00Z
